-- phpMyAdmin SQL Dump
-- version 4.1.4
-- http://www.phpmyadmin.net
--
-- Servidor: 127.0.0.1
-- Tiempo de generación: 16-07-2017 a las 22:14:52
-- Versión del servidor: 5.6.15-log
-- Versión de PHP: 5.4.24

SET SQL_MODE = "NO_AUTO_VALUE_ON_ZERO";
SET time_zone = "+00:00";


/*!40101 SET @OLD_CHARACTER_SET_CLIENT=@@CHARACTER_SET_CLIENT */;
/*!40101 SET @OLD_CHARACTER_SET_RESULTS=@@CHARACTER_SET_RESULTS */;
/*!40101 SET @OLD_COLLATION_CONNECTION=@@COLLATION_CONNECTION */;
/*!40101 SET NAMES utf8 */;

--
-- Base de datos: `losfuertesdb`
--

-- --------------------------------------------------------

--
-- Estructura de tabla para la tabla `customerslist`
--

CREATE TABLE IF NOT EXISTS `customerslist` (
  `customerGUID` varchar(64) NOT NULL,
  `customerName` varchar(64) NOT NULL,
  `shipaddress1` varchar(64) DEFAULT NULL,
  `shipaddress2` varchar(64) DEFAULT NULL,
  `phone` varchar(40) DEFAULT NULL,
  `fax` varchar(15) DEFAULT NULL,
  `mainMail` varchar(100) DEFAULT NULL,
  `RecordCreated` datetime NOT NULL DEFAULT CURRENT_TIMESTAMP,
  `RecordLastModified` datetime NOT NULL DEFAULT CURRENT_TIMESTAMP
) ENGINE=MyISAM DEFAULT CHARSET=latin1;

--
-- Volcado de datos para la tabla `customerslist`
--

INSERT INTO `customerslist` (`customerGUID`, `customerName`, `shipaddress1`, `shipaddress2`, `phone`, `fax`, `mainMail`, `RecordCreated`, `RecordLastModified`) VALUES
('794ebd4c-cd1d-457e-bec1-969fc1520363', 'JALAPENOS MARKET  II', NULL, NULL, NULL, NULL, 'jalapenosmarketllc@yahoo.com', '2017-04-29 13:09:49', '2017-04-29 13:09:49'),
('f037cc6e-c947-45c7-a7fe-2617c42d23aa', 'CINCO DE MAYO IV INC.', '417 S. HIGHLAND AVE.', 'BALTIMORE, MD 21224-2314', 'PHONE:410-276-0004', 'FAX:410-276-161', NULL, '2017-04-29 13:09:49', '2017-04-29 13:09:49'),
('8635e110-11ee-48b5-a746-a9e0da42569b', 'NEW WORLD WHOLESALES, INC.', '7460 CONOWINGO AVE.', 'BLDG B UNITS 59,61,63', 'JESSUP, MD 20794', 'FAX: 410-354-00', 'new.world.wholesale@gmail.com', '2017-04-29 13:09:49', '2017-04-29 13:09:49'),
('bdfe5f8e-5dd7-45e0-b261-fef7ef074e48', 'AGRIMEX PRODUCE', '7470 CONOWINGO AVE', 'UNIT 29 & 31 JESSUP, MD 20794', 'OFFICE: 410-799-1355', 'FAX: 410-799-13', 'alma@agrimexproduce.com', '2017-04-29 13:09:49', '2017-04-29 13:09:49'),
('e9516f79-7e48-4dc1-b3a9-21a7397b738e', 'SUPER A MARKET', NULL, NULL, NULL, NULL, NULL, '2017-04-29 13:09:49', '2017-04-29 13:09:49'),
('a53a12fb-3168-48e8-8161-dbb03234138c', 'TROPICAL IMPORT.', NULL, NULL, NULL, NULL, NULL, '2017-04-29 13:09:49', '2017-04-29 13:09:49'),
('84675963-1b87-4aa6-93dd-ec7d4393e15f', 'LA BENDICION PRODUCE PA', '45 A EAST, WALNUT ST.', 'HANOVER, PA 17331', 'PHONE: 240 461, PA 7659', 'FAX : 717-969-2', NULL, '2017-04-29 13:09:49', '2017-04-29 13:09:49'),
('98378a1b-becb-4d5e-8ca7-483cec5449d2', 'FRESH WORLD MANASSAS', '9540 LIBERIA AVE.', 'MANASSAS VA 20110', '703-330-4744', '571-719-3490', NULL, '2017-04-29 13:09:49', '2017-04-29 13:09:49'),
('0fec89af-3a3e-44de-8475-39feb124c896', 'EXPOMART', NULL, NULL, NULL, NULL, NULL, '2017-04-29 13:09:49', '2017-04-29 13:09:49'),
('eaf499f1-5c18-4c4b-a988-826a2e42c9bf', 'LA GRANDE LOTTE, LLC', '5821 RIVERDALE ROAD', 'RIVERDALE, MD 20737', 'Tel: 301-699-7508', 'Fax:301-699-750', NULL, '2017-04-29 13:09:49', '2017-04-29 13:09:49'),
('6ec8b5c7-c5ec-4bf2-a48f-bdb04ac62762', 'MEXIFRUIT', NULL, NULL, NULL, NULL, NULL, '2017-04-29 13:09:49', '2017-04-29 13:09:49'),
('629e7ee3-916b-493e-9c7a-eed489a2c2b9', 'JALAPENOS MARKET', '7128 RITCHIE HWY', 'GLEN BURNIE MD 21061', 'TEL: 410-766-6869', 'FAX:  410-766-6', 'jalapenosmarket@yahoo.com', '2017-04-29 13:09:49', '2017-04-29 13:09:49'),
('e6b3bebd-ff43-4b9c-af12-ca651b48ae4b', 'SUPER BEST LAUREL', '13600 LAUREL BOWIE RD.', 'LAUREL, MD 20708', '301-362-5572', 'FAX: 1301362557', NULL, '2017-04-29 13:09:49', '2017-04-29 13:09:49'),
('b20c1d02-90d5-4e62-9dad-1676a959647b', 'CINCO DE MAYO DOS INC', '1312 EASTERN AVE', 'BALTIMORE MD 21231', 'OFFICE:443-962-4165', 'CEL: 410-522-76', NULL, '2017-04-29 13:09:49', '2017-04-29 13:09:49'),
('0f041a33-d491-4d37-9734-1eb4609d0d4a', 'FRESH WORLD SPRINGFIELD', '6901  HECHINGER DR', 'SPRINGFIELD VA 22151', '703-462-8380 ACCT YANELA', 'FAX: 703-636-31', NULL, '2017-04-29 13:09:49', '2017-04-29 13:09:49'),
('dea11555-296c-4cc7-a1d4-594004257206', 'TODOS SUPEMARKET WOOD.', NULL, NULL, NULL, NULL, NULL, '2017-04-29 13:09:49', '2017-04-29 13:09:49'),
('5a5d80d2-9243-4e6c-874e-38728914ad67', 'GRAND MART HYATTSVILLE', '4600 COOPER LANE', 'HYATTSVILLE MD 20784', 'T: 301-364-3180', 'F: 301-364-3185', NULL, '2017-04-29 13:09:49', '2017-04-29 13:09:49'),
('982c3b94-28d5-48a8-8f3c-b3b0f59f4ad7', 'JOANS FOODS & PRODUCE', '6111 BELRUN CT', 'RICHMOND, VA 23234', '804-833-8932', NULL, NULL, '2017-04-29 13:09:49', '2017-04-29 13:09:49'),
('ed7b1182-a0a4-4a72-ae50-be609a3ee67e', 'BEST WAY FALLS CHURCH', '3109 GRAHAM RD.', 'FALLS CHURCH, VA 22042', 'PHONE: 703-560-2101', 'fax: 703-560-21', NULL, '2017-04-29 13:09:49', '2017-04-29 13:09:49'),
('987f5a33-339e-45a4-aec0-a186fc7217f6', 'BEST WAY HERDON', '690 ELDEN ST.', 'HERDON, VA 20170', 'PHONE: 703-668-0325', NULL, NULL, '2017-04-29 13:09:49', '2017-04-29 13:09:49'),
('64808194-c8cf-4281-b2f1-059cabcada04', 'CSM PRODUCE', 'CARLOS SALVADOR MEJIA', '800 W SIDE DR', 'GAITHERBURG, MD 20878', 'TEL:301-977-294', NULL, '2017-04-29 13:09:49', '2017-04-29 13:09:49'),
('d5181f8b-4cc0-4b4d-a8d7-cc6d11bd840b', 'SAVEMART (ANNAPOLIS)', '1900 FOREST DRIVE STE 1', 'ANNAPOLIS, MD 21401', NULL, NULL, NULL, '2017-04-29 13:09:49', '2017-04-29 13:09:49'),
('99ee5445-1c1b-44ce-a9ed-2efbf9e334ff', 'FRESH WORLD HERNDON, INC', '1070 ELDEN STREET', 'HERDON, VA 20170', 'TEL: 703-435-8200  FAX: 703-435-8221', 'TEL: 410-265-51', 'freshworldherndon@gmail.com', '2017-04-29 13:09:49', '2017-04-29 13:09:49'),
('96e5aee4-41b4-4141-89e7-a67755f02814', 'SAVE MART (BALTIMORE)', '3901 HOLLINS FERRY RD', 'HALETHORPE, MD 21227', 'PHONE: 410-212-1572', 'FAX: 410-501-35', NULL, '2017-04-29 13:09:49', '2017-04-29 13:09:49'),
('5d2b3a38-2a80-478a-a93c-54e684d626fb', 'LINDO AMANECER', '3020 BROAD ROCK BLV', 'RITCHMOND, VA 23224', 'T: (804) 303-4150', 'RAUL CHEQUIADOR', NULL, '2017-04-29 13:09:49', '2017-04-29 13:09:49'),
('e8107796-dc9c-4cb9-894a-4ff9635538df', 'SUPER STORE', '103 YORK ST,', 'HANOVER, PA 17331', 'TEL: 717-633-6368', 'FAX: 717-632-63', 'superstore478@gmail.com', '2017-04-29 13:09:49', '2017-04-29 13:09:49'),
('5791945c-1223-4839-8c92-95563588c6c5', 'MEGA RIVERDALE', '5801 RIVERDALE RD.', 'RIVERDALE, MD 20737-2100', 'PHONE: (301) 277-8580', 'FAX: 301-277-85', NULL, '2017-04-29 13:09:49', '2017-04-29 13:09:49'),
('fde7aeeb-c609-4981-81c4-4ac61a4f8f5d', 'LA BENDICION GROCERY STORE', '227 HIGH ST', 'HANOVER PA 17331', 'PHONE: 240 461, MD 7659', NULL, NULL, '2017-04-29 13:09:49', '2017-04-29 13:09:49'),
('cfcb9ddd-c9d6-40cb-92be-3ac92b78a79e', 'R&R TAQUERIA (JESSUP)', 'T: 301-792-1432', NULL, NULL, NULL, NULL, '2017-04-29 13:09:49', '2017-04-29 13:09:49'),
('7772b72c-edb9-4b8d-87eb-1b294c97b886', 'BEST WAY ALEXANDRIA', '5695 TELEGRAPH RD.', 'ALEXANDRIA, VA 22303', 'PHONE: 703-960-8501', NULL, NULL, '2017-04-29 13:09:49', '2017-04-29 13:09:49'),
('52267966-fe0f-41bc-8d8f-a8515fb3d245', 'OSCAR LUCERO', '240-462-2862', NULL, NULL, NULL, NULL, '2017-04-29 13:09:49', '2017-04-29 13:09:49'),
('54d6f0c7-56b1-4dd0-a2a9-30bb8bd38cd3', 'ARACELI', NULL, NULL, NULL, NULL, NULL, '2017-04-29 13:09:49', '2017-04-29 13:09:49'),
('56ae5d06-441e-4530-96e7-15815ffd6a8c', 'LA ESPERANZA GROCERY #2 LLC', '6303 Allentown Rd', 'Temple Hills, MD 20748', NULL, NULL, NULL, '2017-04-29 13:09:49', '2017-04-29 13:09:49'),
('967b494c-b017-46d9-8aaa-1d67a03bc8ac', 'REMSA DISTRIBUTION LLC', '7522 CONNELLEY DRIVE SUITE C', 'HANOVER, MD 21076', NULL, NULL, NULL, '2017-04-29 13:09:49', '2017-04-29 13:09:49'),
('b4737c94-70cd-4b7e-91b5-deb2e6faf86a', 'CESAR PRODUCE', '2060 WEST VIRGINIA AVE NE', 'WASHINGTON DC 20002', 'TEL: 240-304-4975', 'FAX: 202-279-95', NULL, '2017-04-29 13:09:49', '2017-04-29 13:09:49'),
('02c46627-b36a-4109-a0ad-5071fb7540e4', 'COOSEMANS D.C. INC', 'P.O BOX 979', 'ACCOUNTING:410-799-3685', 'SALES:410-799-3685', 'FAX: 410-799-37', 'accounting@coosmansdc.com', '2017-04-29 13:09:49', '2017-04-29 13:09:49'),
('ec8da833-8089-4217-9a4d-bba65d138b1f', 'RUDO PRODUCE', '1718 THAMES ST.', 'BALTIMORE, MD 21231', 'TEL: 410-732-3474', NULL, 'riptidefellspoint@comcast.net', '2017-04-29 13:09:49', '2017-04-29 13:09:49'),
('68c4c5a7-3cf0-461e-a228-014069e5d0c6', 'MI PUEBLITO PARK INC (SEVERNA)', '554-A RITCHIE HWY', 'SEVERNA, MD 21146', 'T:410-703-1819', NULL, 'Jnmeza77@gmail.com', '2017-04-29 13:09:49', '2017-04-29 13:09:49'),
('357162cb-1a55-446c-904b-0923c6cbe8f7', 'MI PUEBLO INC ( GLEN BURNIE )', '7556 RITCHIE HIGHWAY', 'GLEN BURNIE MD,21061', 'TEL:', 'TEL: 443-448/75', 'Jnmeza77@gmail.com', '2017-04-29 13:09:49', '2017-04-29 13:09:49'),
('2e74bd0c-0631-4ca0-a9ed-43e71c24d5d0', 'ATLANTIC SUPERMARKET INC.', '7901 NEW HAMPSHIRE AVE', 'LANGLEY PARK, MD 20783', 'PHONE:301-439-7005', 'FAX:301-439-700', NULL, '2017-04-29 13:09:49', '2017-04-29 13:09:49'),
('80326fc7-594d-404c-bb97-530778852ebf', 'SUPER FRESH PRODUCE INC.', '7460 CONOWINGO AVE 65/67', 'JESSUP MD 20794', 'T:202-270-2150', 'F:410-799-1120', NULL, '2017-04-29 13:09:49', '2017-04-29 13:09:49'),
('d281efc0-2870-47ee-8f4a-3e76c1ee3946', 'J&J PRODUCE, INC.', '11822 REISTERSTOWN RD', 'REISTERSTOWN, MD 211136', 'T:(410) 833-5599', 'F:(410)-833-561', NULL, '2017-04-29 13:09:49', '2017-04-29 13:09:49'),
('c1d9a51c-0f72-40e5-8a04-ff340bedba64', 'LOS AMIGOS', '5003 GREENBELT RD', 'COLLEGE PARK, MD 20740', NULL, NULL, NULL, '2017-04-29 13:09:49', '2017-04-29 13:09:49'),
('7cbc9251-daca-4400-a06a-4466066dc78a', 'JUMBO FOOD INTERNATIONAL, INC.', '3201 BRINKLEY RD.', 'TEMPLE HILLS, MD 20748', 'T: 301-505-0505', 'F: 301-505-0078', NULL, '2017-04-29 13:09:49', '2017-04-29 13:09:49'),
('e2f06587-f911-4f13-bc76-06eb3cae7e2b', 'BEST WAY MOUNT VERNON NEW', '8457 RICHMONDS HWY', 'MOUNT VERNON, VA 22309', 'PHONE: 703-780-0142', NULL, NULL, '2017-04-29 13:09:49', '2017-04-29 13:09:49'),
('8aa453c0-b4b0-4587-90a2-c5637875d175', 'LA  HUERTA  PRODUCE', NULL, NULL, NULL, NULL, NULL, '2017-04-29 13:09:49', '2017-04-29 13:09:49'),
('f937b6b5-bf1b-4bcf-b14b-1979dcb84662', 'EL GUACAMOLE', '3307 ANNAPOLIS RD', 'BALTIMORE, MD 21230', NULL, NULL, NULL, '2017-04-29 13:09:49', '2017-04-29 13:09:49'),
('7446aff3-d460-4f12-b436-a594c489cb47', 'LA COLONIA INTERNATIONAL', NULL, NULL, NULL, NULL, NULL, '2017-04-29 13:09:49', '2017-04-29 13:09:49'),
('7398dbbe-da61-429d-99fd-ad5cc4ed8307', 'QUERETARO RESTAURANT', '1406 SOUTH MAIN CHAPEL WAY', 'SUITE 110', 'GAMBRILLS, MD 21054', '410-562-1307', NULL, '2017-04-29 13:09:49', '2017-04-29 13:09:49'),
('e5cceaf4-737d-425d-82e7-acc8b36acfcd', 'OK MART SERVICES', '5550 KENILWORTH AVE', 'RIVERDALE MD 20737', 'T: 301-699-5550', 'F: 301-699-5552', NULL, '2017-04-29 13:09:49', '2017-04-29 13:09:49'),
('f35076df-65d8-4966-b3d2-bfa5ddeea2d7', 'TODOS SUPERMARKET', NULL, NULL, NULL, NULL, NULL, '2017-04-29 13:09:49', '2017-04-29 13:09:49'),
('5f37802e-e64b-4fc2-95fd-78da5898ae9d', 'MEGA MANASSAS', '8328 SHOPPERS SQ.', 'MANASSAS, VA 20111', 'TEL: (703)-393-8841', 'FAX: (703)-393-', NULL, '2017-04-29 13:09:49', '2017-04-29 13:09:49'),
('61d04296-4b98-4890-9256-4bdc2b2cf329', 'MOISES SANDOVAL PA,', '1417 DERRY ST', 'HARRISBURG, PA 17104', 'TEL: 717 -233-0662', 'TEL: 717-920-15', NULL, '2017-04-29 13:09:49', '2017-04-29 13:09:49'),
('c85d0a8f-93ae-41ab-8de4-c7c5cc766648', 'C TOWN SUPERMARKET', '451 E KING STREET', 'LANCASTER, PA 17602', 'T: 717-397-7561', 'F( & EMAIL): 71', 'ctownlancaster@gmail.com', '2017-04-29 13:09:49', '2017-04-29 13:09:49'),
('e0da9882-e700-4314-ad10-f3a82adb1eb0', 'EL MERCADO', '15 Layton Ave', 'Georgetown, DE 19947', NULL, NULL, NULL, '2017-04-29 13:09:49', '2017-04-29 13:09:49'),
('603bcd5b-4418-4ba7-9817-2c1f85347708', 'MI CASITA', '1334 DEFEMSE HWY', 'GAMBRILLS 21054', 'TEL: 410-451-0025', 'FAX: 410-451-03', NULL, '2017-04-29 13:09:49', '2017-04-29 13:09:49'),
('8caafa9f-7ba3-4739-8b53-7d86cb499b72', 'ROYAL BAZAAR FARMERS MKT', NULL, NULL, NULL, NULL, NULL, '2017-04-29 13:09:49', '2017-04-29 13:09:49'),
('dbd9df9c-da17-4be2-bc2b-4a3a6d9310ea', 'HAZLO', '3800 E LOMBARD ST', 'BALTIMORE, MD 21224', 'T: 443-873-8808', 'F: 443-873-8806', 'CMBALTIMOREINC@GMAIL.COM', '2017-04-29 13:09:49', '2017-04-29 13:09:49'),
('b51dfc17-2c12-4d19-95d8-c5eafab5ef0e', 'G PRODUCE', '420 BONSAL ST', ' BALTIMORE  MD 21224', 'TEL: 443-453-2238 REYNALDO', NULL, NULL, '2017-04-29 13:09:49', '2017-04-29 13:09:49'),
('086ff9d0-79f2-4175-b02d-284a07ffcc80', 'SUPER MARKET GTB', NULL, NULL, NULL, NULL, NULL, '2017-04-29 13:09:49', '2017-04-29 13:09:49'),
('f3fc78c4-a095-4b55-a50b-016795c00b51', 'PLAZA LATINA', '29679 TALLULAH LANE', 'EASTON, MD 21601', 'TEL: 410-253-5244  or 410-714-2855', 'FAX: 410-819-02', NULL, '2017-04-29 13:09:49', '2017-04-29 13:09:49'),
('83c95b64-42d5-43f4-a0dc-5ed460f1a5f3', 'M.F.A TRASH', NULL, NULL, NULL, NULL, NULL, '2017-04-29 13:09:49', '2017-04-29 13:09:49'),
('66a6a0cd-36f2-4ba3-8ca9-665f2efb1581', 'AMANECER LATINO 2', '10012 ROBIUS ROAD', 'NORTH CHESTERFIELD', 'VA 23235', NULL, NULL, '2017-04-29 13:09:49', '2017-04-29 13:09:49'),
('ab950c4b-7193-4d8d-bd4c-0b95c579eed6', 'CUSTOMER', NULL, NULL, NULL, NULL, NULL, '2017-04-29 13:09:49', '2017-04-29 13:09:49'),
('a7c2ad65-e0d4-45eb-9db8-41b92b63dcfe', 'PANAM DC', '3552 14TH STREET NW', 'WASHINGTON, DC 20010', NULL, NULL, NULL, '2017-04-29 13:09:49', '2017-04-29 13:09:49'),
('bab90be7-6bcb-4e0b-b628-5b194483eeaf', 'CINCO DE MAYO BAKERY', '445 CRAIN HWY', 'GLEN BURNIE, MD 21061', 'PHONE: 410-553-9884', 'FAX: 410-553-68', NULL, '2017-04-29 13:09:49', '2017-04-29 13:09:49'),
('fdcb4f43-267d-4b17-81c7-4851b725a4d5', 'MERCADITO RAMOS #3', '4102 MT VERNON AVE', 'ALEXANDRIA, VA 22305', NULL, NULL, NULL, '2017-04-29 13:09:49', '2017-04-29 13:09:49'),
('afb1eaa4-c5e4-435c-b013-e7cbfbe2239d', 'AMERICANA GROCERY VA', '6128 COLUMBIA PIKE', 'FALLS CHURCH, VA 22041', '703-671-9625', NULL, NULL, '2017-04-29 13:09:49', '2017-04-29 13:09:49'),
('35fcea4b-8444-4e51-be17-2570b9a84816', 'INTERNATIONAL MARKET', '12335 GEORGIA  AVE STE F', 'SILVER SPRING, MD 20906', 'PHONE: (301) 949-7900', NULL, NULL, '2017-04-29 13:09:49', '2017-04-29 13:09:49'),
('90ec40df-15aa-4ca7-bbdc-01f152c0e684', 'MELITON', '315 SOUTH PULASKI ST', 'BALTIMORE, MD 21223', 'TEL: 410-240-5170', NULL, NULL, '2017-04-29 13:09:49', '2017-04-29 13:09:49'),
('dd9ccd87-d2e5-4f38-a9a0-348fc26349c5', 'CINCO DE MAYO PATAPSCO', NULL, NULL, NULL, NULL, NULL, '2017-04-29 13:09:49', '2017-04-29 13:09:49'),
('04daa8b3-4ec6-4cce-8a58-50aa4672d399', 'LA HACIENDA MEAT & PRODUCE', '342 C GRANT STREET', 'CHAMBERSBURG, PA  17201', 'TEL: (717) 446-0269 JUAN', 'FAX; 410-561-35', NULL, '2017-04-29 13:09:49', '2017-04-29 13:09:49'),
('709b708d-134a-4955-842c-e2fb9dec8988', 'CINCO DE MAYO 8 STORE', '1490 WEST PATAPSCO AVE.', 'BALTIMORE, MD 21230', 'FAX: 410-355-1368', NULL, NULL, '2017-04-29 13:09:49', '2017-04-29 13:09:49'),
('1201d91d-3484-423f-b7ca-0947a632b62f', 'CORDOVES', '9933 RHODE ISLAND AVE.', 'COLLEGE PARK, MD 20740-1465', NULL, NULL, NULL, '2017-04-29 13:09:49', '2017-04-29 13:09:49'),
('b8efaf1f-4b6c-4d1c-b247-90181f653ceb', 'SWEET SEASONS', '7470 CONOWINGO AVE UNI 89&91', 'JESSUP, MD 20794', 'TEL: 443-755-0890', 'TEL: 443-842-02', NULL, '2017-04-29 13:09:49', '2017-04-29 13:09:49'),
('f0e30482-a332-4241-a61b-7c677c4cec8a', 'EL RINCONCITO', '1103 ANNAPOLIS RD.', 'ODENTON, MD 21113.', 'FAX: 410-305-0873', NULL, NULL, '2017-04-29 13:09:49', '2017-04-29 13:09:49'),
('300da72c-3a8d-4f77-931b-3566f7d88f77', 'LEO PRODUCE', '7460 CONOWINGO AVE.,', 'JESSUP, MD 20794 UNITS 76 THRU 80', 'FAX: 410-799-4171', 'YANA:410-799-02', NULL, '2017-04-29 13:09:49', '2017-04-29 13:09:49'),
('447bf561-061b-4191-b0d6-2221ccdcaf0f', 'METRO FOODS', '7734 LANDOVER RD', 'LANDOVER, MD', 'FAX: 301-773-7377', NULL, NULL, '2017-04-29 13:09:49', '2017-04-29 13:09:49'),
('2e58640f-8e04-4065-a51b-aafc1cea6da5', 'NEW GRAND MART FALLS CHURCH', '6326 ARLINGTON BLVD,', 'FALLS CHURCH VA 22044', 'TEL: 703-533-1700', 'FAX: 703-533-10', NULL, '2017-04-29 13:09:49', '2017-04-29 13:09:49'),
('19eccaaa-4cfc-4307-9abf-68f6d68c8520', 'IRENE''S PUPUSAS', '12391 GEORGIA  AVE.', 'SILVER SPRING, MD 20906', 'PHONE: 301-933-3939', 'FAX-EMAIL: 301-', 'irenespupusa@verizon.net', '2017-04-29 13:09:49', '2017-04-29 13:09:49'),
('51e89803-a1f7-4f64-adfc-dcde58e1cae2', 'MONTGOMERY FOODS GTB', '8035 G SNOUFFER SCHOOL RD', 'GAITHERSBURG MD 20879', 'YESENIA: 301-330-5500', 'TEL:301-366-781', NULL, '2017-04-29 13:09:49', '2017-04-29 13:09:49'),
('82ab88b6-86e1-4873-9334-ec0ae960b255', 'TIENDA  DONA  ANA', NULL, NULL, NULL, NULL, NULL, '2017-04-29 13:09:49', '2017-04-29 13:09:49'),
('1b70433c-63d6-496b-85a5-0fdc5b552583', 'LAS AMERICANAS', NULL, NULL, NULL, NULL, NULL, '2017-04-29 13:09:49', '2017-04-29 13:09:49'),
('b05f0f9c-2f62-480e-b12e-47d2db9ee6ae', 'HERNANDEZ GROCERY STORE', '320 E DOVER ST', 'EASTON, MD 21601', 'TEL: 410-770-4844', NULL, NULL, '2017-04-29 13:09:49', '2017-04-29 13:09:49'),
('74ac8169-bdc0-4520-ab74-52238519f8f6', 'KING FOOD MARKET', NULL, NULL, NULL, NULL, NULL, '2017-04-29 13:09:49', '2017-04-29 13:09:49'),
('2afd4b1a-bbb7-4361-b65d-a6be8bb10616', 'L &R TRADING', NULL, NULL, NULL, NULL, NULL, '2017-04-29 13:09:49', '2017-04-29 13:09:49'),
('a4da379f-eeda-42d0-bf05-4c748bea8f5b', 'LA DESPENSA  FAMILIAR', NULL, NULL, NULL, NULL, NULL, '2017-04-29 13:09:49', '2017-04-29 13:09:49'),
('2683c5f7-ca3e-456d-a9a2-4a9e29b03486', 'TORTILLERIA LA GUADALUPANA', NULL, NULL, NULL, NULL, NULL, '2017-04-29 13:09:49', '2017-04-29 13:09:49'),
('18db4b3c-1a30-41bb-b9ed-7e0005b638d5', 'MARIO PRODUCE', '4029 POST GATE TERRACE 402', 'SILVER SPRING 20906', 'T:240-304-5289', NULL, NULL, '2017-04-29 13:09:49', '2017-04-29 13:09:49'),
('28cc782c-7818-4bab-af3a-b5205cf53826', 'ARCOIRIS LATINO MARKET # 2', '6111 STAPLES MILLS RD', 'RICHMOND, VA 23228', '804-261-7618', 'FAX: 804-261-76', NULL, '2017-04-29 13:09:49', '2017-04-29 13:09:49'),
('954afa88-fafa-435d-a8d0-b6e9f9daabfc', 'CINCO DE MAYO RESTAURANT INC.', '1718 EASTERN AVE.', 'BALTIMORE, MD 21231', 'PHONE: 410-522-7646', '410-504-537', NULL, '2017-04-29 13:09:49', '2017-04-29 13:09:49'),
('c4883955-0dfb-49da-a82a-a281fc2fddbc', 'GEORGETOWN MINI MARKET', '202 N RACE ST', 'GEORGETOWN, DE 19947', 'TEL:302*854*0229', 'CEL:302-853-039', NULL, '2017-04-29 13:09:49', '2017-04-29 13:09:49'),
('a8b16821-4c80-4ea1-98da-0c1a0875088c', 'MINI DESPENSA', NULL, NULL, NULL, NULL, NULL, '2017-04-29 13:09:49', '2017-04-29 13:09:49'),
('8e25c580-dcfb-4770-8079-c67bd3fbdcb1', 'LYDIA DELAWARE', NULL, NULL, NULL, NULL, NULL, '2017-04-29 13:09:49', '2017-04-29 13:09:49'),
('6672ebef-2ebc-4b27-a682-e779e6962a1d', 'MONTGOMERY FOODS', '714 YORK RD', 'TOWSON, MD 21204', 'TEL: 410-296-5940', NULL, NULL, '2017-04-29 13:09:49', '2017-04-29 13:09:49'),
('615389c8-e99e-452d-bcf7-66efb5e4f1d0', 'CHICANITO', '100 S MARKET ST', 'SEAFORD DE 19973', NULL, NULL, NULL, '2017-04-29 13:09:49', '2017-04-29 13:09:49'),
('bcdf042d-ff80-48d2-8e09-bb21592b38af', 'LA DESPENSA WOODBRIDGE', '13279 OCCOQUAN RD', 'WOODBRIDGE VA 22191', 'T: (571) 572-3382', NULL, NULL, '2017-04-29 13:09:49', '2017-04-29 13:09:49'),
('68ddc82c-c09b-46c4-b9e7-19633c92c998', 'LA MART BALTIMORE', '2159 WEST PATAPSCO AVE.', 'BALTIMORE, MD 21230', '410 646*1501', NULL, NULL, '2017-04-29 13:09:49', '2017-04-29 13:09:49'),
('0384434c-1c58-4919-8572-bbcb5195f490', 'LOS AZTECAS', NULL, NULL, NULL, NULL, NULL, '2017-04-29 13:09:49', '2017-04-29 13:09:49'),
('8074b031-389b-46fc-af70-abe74da2bcfa', 'CHILANGOS MEXICAN RESTAURANT', NULL, NULL, NULL, NULL, NULL, '2017-04-29 13:09:49', '2017-04-29 13:09:49'),
('64d05ee2-525d-4f85-9c00-b20792ff1b18', 'DIVERSITY LATIN MARKET LLC.', '8411 SNOUFFER SCHOOL RD', 'GAITHERSBURG, MD 20879-5500', 'PHONE:240-888-8997', NULL, NULL, '2017-04-29 13:09:49', '2017-04-29 13:09:49'),
('a41658b5-582a-4c0b-8c18-cecf0867a9c9', 'AMANECER LATINO 5', NULL, NULL, NULL, NULL, NULL, '2017-04-29 13:09:49', '2017-04-29 13:09:49'),
('5cbea921-a9eb-4305-99ae-ecc27fabd819', 'CARLOS MORALES 1 & 2', '48 WEST CHURCH STREET', 'SELBYVILLE DE 19975', 'PHONE: 302-436-1515', 'TEL: 302-236-30', NULL, '2017-04-29 13:09:49', '2017-04-29 13:09:49'),
('f0dc5c27-bfd9-4f37-bf9b-613de011b73e', 'SAN MARCOS', '14 W CHESTNUT ST', 'HANOVER PA 17331', 'PH: 717-630-2207', 'CEL: 717-634-12', NULL, '2017-04-29 13:09:49', '2017-04-29 13:09:49'),
('f3b5e593-0fcf-4dca-913b-6c8759c4b2f5', 'EL PAISA CARRY OUT', '3414 MOUNT VERNON AVE', 'ALEXANDRIA VA 22305', 'T: 703-299-0214', NULL, NULL, '2017-04-29 13:09:49', '2017-04-29 13:09:49'),
('ac1032d2-1f03-447f-b94d-a11467af308f', 'LA CHIQUITA GROCERY', '1425A WEST PATRICK ST.', 'FREDERICK, MD 21702', 'TEL: 301-682-7474', NULL, NULL, '2017-04-29 13:09:49', '2017-04-29 13:09:49'),
('8fa8c403-51fd-4dad-8f78-e87a97f6d3a3', 'EL TROVADOR', '2525 PUTTY HILL AVE', 'PARKVILLE MD 21234', 'T:410 663 1777', 'T: 410-946-5870', NULL, '2017-04-29 13:09:49', '2017-04-29 13:09:49'),
('ff2faaf7-d0a0-4fc8-9b79-eaec97b59653', 'CHARRO NEGRO, LLC', '4617-19 EASTERN AVE.', 'BALTIMORE, MD 21224', 'PHONE: (410) 342-7753', NULL, 'charronegrollc@msn.com', '2017-04-29 13:09:49', '2017-04-29 13:09:49'),
('49ec97c1-d740-4012-b526-f8b214b5f41e', 'RIPTIDE BY THE BAY', '1718 THAMES STREET', 'BALTIMORE , MD  21231', 'TEL:410-732-3474', 'FAX: 410-732-06', 'aaraviakis12@gmail.com', '2017-04-29 13:09:49', '2017-04-29 13:09:49'),
('0ddbdecb-c93b-4c7a-8484-64825f98392c', 'RUFINA V', '75 SPRING HOUSE LANE', 'REDLION, PA 17356', NULL, NULL, NULL, '2017-04-29 13:09:49', '2017-04-29 13:09:49'),
('b3fd5403-74a3-4326-ac1e-2778837197cd', 'LATINO MARKET INTERNATIONAL VA', NULL, NULL, NULL, NULL, NULL, '2017-04-29 13:09:49', '2017-04-29 13:09:49'),
('70d002e8-43c7-497a-b669-ec9e3d4cb6bf', 'LIDIA  DELAWER', NULL, NULL, NULL, NULL, NULL, '2017-04-29 13:09:49', '2017-04-29 13:09:49'),
('e014d926-cfac-4c71-9d59-5fdafaf50cd2', 'COCO RESTAURANT VA', NULL, NULL, NULL, NULL, NULL, '2017-04-29 13:09:49', '2017-04-29 13:09:49'),
('c85f85d2-e91d-4a3d-90df-a7ae225b5269', 'PRODUMEX', NULL, NULL, NULL, NULL, NULL, '2017-04-29 13:09:49', '2017-04-29 13:09:49'),
('a75697b6-3b16-4397-a1cb-a7ee9bf1f39e', 'EL DORADO BAR AND GRILL II', '201-C MARLBORO AVE', 'EASTON, MD 2160', '1410-820-4002', NULL, NULL, '2017-04-29 13:09:49', '2017-04-29 13:09:49'),
('bf443d80-6cb3-4046-a19b-9305a41af00b', 'ROMERO''S TIENDA LATINA', '10706 REISTERSTOWN RD', 'OWINGS MILL, MD 21117', 'T: 410-356-0033', NULL, NULL, '2017-04-29 13:09:49', '2017-04-29 13:09:49'),
('e6db043c-eb44-4c8c-b332-8db912a6e923', 'ARCOIRIS LATINO MARKET # 1', '6445 MIDLOTHAIN TNPKE', 'RICHMOND, VA 23225', 'PH; 804-276-2510 FAX 804-276-2514', NULL, NULL, '2017-04-29 13:09:49', '2017-04-29 13:09:49'),
('c380412a-7d0a-4e3e-b15c-edbc91c317b8', 'COMPARE SUPERMARKET', '1304 DERRY ST', 'HARRISBURG, PA', NULL, NULL, NULL, '2017-04-29 13:09:49', '2017-04-29 13:09:49'),
('210f9590-d0ad-4712-a85b-b52e68529a21', 'MATOS PRODUCE', '8255 ARDEN DR.', 'SALISBURY, MD 21804', NULL, NULL, NULL, '2017-04-29 13:09:49', '2017-04-29 13:09:49'),
('cae0b09f-fbb1-4baf-8fa2-7eb8b8f59833', 'LA UNION INTERNATIONAL MARKET INC.', '203 SOUTH GATE SHOPPING CENTER', 'CHAMBERSBURG, PA 17201', NULL, NULL, NULL, '2017-04-29 13:09:49', '2017-04-29 13:09:49'),
('c41660da-8fd7-4630-a53b-ca15d7f930a6', 'MEGA LAUREL', '111 BOWIE RD.', 'LAUREL, MD 20707', '301-776-7101 NELSON', NULL, NULL, '2017-04-29 13:09:49', '2017-04-29 13:09:49'),
('80b29c60-2184-4c99-ac78-7cf79653faa4', 'TAQUITO MEXICANO', '1744 EASTERN AVE', 'BALTIMORE MD 21231', '410-563-7840', 'EL TIO', NULL, '2017-04-29 13:09:49', '2017-04-29 13:09:49'),
('df376ba9-e0db-4daa-af26-d8c555641fce', 'LA DIVINA PROVIDENCIA GROCERY', '1908 FOREST DR STE 1B', 'ANNAPOLIS, MD 21401-4340', 'TEL: 443-962-7337', 'FAX: 410-280-15', NULL, '2017-04-29 13:09:49', '2017-04-29 13:09:49'),
('322c196f-41a2-4461-8732-17e44370be8d', 'EL DORADO RESTAURANT', '4 S. AURORA ST.', 'EASTON, MD 21601', '410-820-5155', NULL, NULL, '2017-04-29 13:09:49', '2017-04-29 13:09:49'),
('aeada497-782e-4eb4-a730-3793f2a9a59f', 'EL RANCHITO', '227 HIGH ST.', 'HANOVER PA 17331', 'TEL: 717-316-4448', NULL, NULL, '2017-04-29 13:09:49', '2017-04-29 13:09:49'),
('010c623d-a923-4304-a79a-3072930dad70', 'VARIEDADES BALBUENA', NULL, NULL, NULL, NULL, NULL, '2017-04-29 13:09:49', '2017-04-29 13:09:49'),
('9ee3b4a8-5c12-4c27-b1c9-5e7b3f147664', 'LA VAQUITA SUPERMARKET VA', NULL, NULL, NULL, NULL, NULL, '2017-04-29 13:09:49', '2017-04-29 13:09:49'),
('a205845b-e42b-44ad-a387-515d2d7b9964', 'SHOP''N GO FOODS, INC', '118 HILLSMERE DR', 'ANNAPOLIS , MD 21403', 'TEL:443-995-6792', NULL, NULL, '2017-04-29 13:09:49', '2017-04-29 13:09:49'),
('d3e9922d-285e-4246-b5e1-e2b054c73514', 'FIESTA SUPER MARKET', 'T: 540-898-4884', 'F: 540-834-0001', NULL, NULL, NULL, '2017-04-29 13:09:49', '2017-04-29 13:09:49'),
('60a72e77-62aa-4369-a4ff-8900ad28493f', 'EL CENTENARIO', '84 WEST CHURCH ST', 'SELBYVILLE, DE 19975', NULL, NULL, NULL, '2017-04-29 13:09:49', '2017-04-29 13:09:49'),
('c89cc97b-0a8b-473c-8a2a-b4be2feb8a39', 'JACOVO PRODUCE', NULL, NULL, NULL, NULL, NULL, '2017-04-29 13:09:49', '2017-04-29 13:09:49'),
('eb85c229-dd7a-4f88-bd2f-14599f1fd794', 'SUPER 24 LATINO', NULL, NULL, NULL, NULL, NULL, '2017-04-29 13:09:49', '2017-04-29 13:09:49'),
('02655fc8-60e8-4be0-b239-0381ee31b8fa', 'MUNDO LATINO', NULL, NULL, NULL, NULL, NULL, '2017-04-29 13:09:49', '2017-04-29 13:09:49'),
('0da80845-5df7-4b4f-b5bd-380ef701f87f', 'TACOS TIJUANA', NULL, NULL, NULL, NULL, NULL, '2017-04-29 13:09:49', '2017-04-29 13:09:49'),
('33aad6fb-90c3-4454-9a7b-bc8939be98b5', '10 DE MAYO BALTIMORE', NULL, NULL, NULL, NULL, NULL, '2017-04-29 13:09:49', '2017-04-29 13:09:49'),
('687b8a87-53c8-4336-979d-1b00d0dd3950', 'ARCOIRIS LATINO MARKET # 3', NULL, NULL, NULL, NULL, NULL, '2017-04-29 13:09:49', '2017-04-29 13:09:49'),
('96046520-8153-4b98-ad71-88ece954dbc5', 'FARMERS INTERNATIONAL FOOD', NULL, NULL, NULL, NULL, NULL, '2017-04-29 13:09:49', '2017-04-29 13:09:49'),
('158043c1-32c1-4227-be53-9f16d5cb5e57', 'CINCO DE MAYO TORTILLERIA', NULL, NULL, NULL, NULL, NULL, '2017-04-29 13:09:49', '2017-04-29 13:09:49'),
('dc00ab72-d148-43db-935c-4c2526e31584', 'GUATEMEX', '212 MAIN ST', 'MILLSBORO, DE 19966', '302-934-9805', NULL, NULL, '2017-04-29 13:09:49', '2017-04-29 13:09:49'),
('c775dd82-0f2c-409d-a0c8-73b07c342eb1', 'KING FOOD MARKET # 2', NULL, NULL, NULL, NULL, NULL, '2017-04-29 13:09:49', '2017-04-29 13:09:49'),
('d565d825-4e38-46e3-b4fe-0ab4a7248e17', 'THE CLASS PRODUCE', NULL, NULL, NULL, NULL, NULL, '2017-04-29 13:09:49', '2017-04-29 13:09:49'),
('bda75b96-4db0-4166-a6ed-9d19fc90f6f0', 'MI BANDERA TIENDA LATINA', '3711 S HANOVER ST', 'BALTIMORE, MD 21225', '443-312-8275', NULL, NULL, '2017-04-29 13:09:49', '2017-04-29 13:09:49'),
('978dd16d-9c6c-4471-9113-7ad39016bbdf', 'DON PABLO PA', NULL, NULL, NULL, NULL, NULL, '2017-04-29 13:09:49', '2017-04-29 13:09:49'),
('1e6d7660-4dea-49d4-b606-e5c73c0c40a2', 'LITTLE MEXICO', '206 N RACE ST', 'GEORGETOWN, DE 19947', 'PHONE: 302-855-9411', NULL, NULL, '2017-04-29 13:09:49', '2017-04-29 13:09:49'),
('9870b2a2-9580-4c1c-9c6e-37cdace4f21c', 'MI CAMPESINA', '15 S.FRANKLIN', 'GETTYSBURG 17325', '717-491-4472', NULL, NULL, '2017-04-29 13:09:49', '2017-04-29 13:09:49'),
('e01f73ee-6714-44f2-9eb9-320770074a00', 'GENESIS MERCADO LATINO', '32 NORTH DUNDALK AV.', 'BALTIMORE MD 21222', '443-301-9440', '11AM TO 10PM, M', NULL, '2017-04-29 13:09:49', '2017-04-29 13:09:49'),
('93559e8a-3e49-4cf2-9053-bab5d4cd587d', 'LA GUADALUPANA', '31507 OAK ORCHARD RD', 'TRADING POST PLAZA UNIT 5', 'MILLSBORO DE 19966', 'TEL:302-947-201', 'marlendc@aol.com', '2017-04-29 13:09:49', '2017-04-29 13:09:49'),
('d2652883-d2aa-4b0c-af3e-98100bd81a44', 'MEGA HYATTSVILLE', 'UNIVERSITY BLVD.', 'HYATTSVILLE, MD 20783', 'TEL: 301-422-1394', 'FAX: 301-422-13', NULL, '2017-04-29 13:09:49', '2017-04-29 13:09:49'),
('ffdb75f3-e573-4195-9fdc-aea688b0ccf0', 'ANIMAS MARKET', NULL, NULL, NULL, NULL, NULL, '2017-04-29 13:09:49', '2017-04-29 13:09:49'),
('faaaa732-2be3-4c51-abf1-b54f9129f65c', 'FIVE STAR', NULL, NULL, NULL, NULL, NULL, '2017-04-29 13:09:49', '2017-04-29 13:09:49'),
('fc352a06-5726-4adb-ac30-3a086357eac4', 'BERTA', 'T: 240-478-8281', NULL, NULL, NULL, NULL, '2017-04-29 13:09:49', '2017-04-29 13:09:49'),
('f47688fa-746c-4a4a-8b4c-a04c4fb7f474', 'EL SALTO INC', '5513 RITCHIE HIGHWAY', 'BALTIMORE MD 21225', 'TEL: 443 6946 503', 'TEL: 410-789-16', NULL, '2017-04-29 13:09:49', '2017-04-29 13:09:49'),
('6d736872-0ae4-4544-be8b-5f83e1610b77', 'LA MICHOACANA', '84 W. CHURCH ST.', 'SELBYVILLE, DE 19975', '410/202/4932', NULL, NULL, '2017-04-29 13:09:49', '2017-04-29 13:09:49'),
('a51f2e76-97f0-4d48-bf77-bf46f7c56fd3', 'LA DESPENSA   ALEXANDRIA', '8123 RICHMOND HWY', 'ALEXANDRIA, VA 22309', '(703) 360-5485/(240)564-9177', 'tel; 571-398-15', NULL, '2017-04-29 13:09:49', '2017-04-29 13:09:49'),
('595a2091-19f6-45b9-a784-df890819907c', 'C TOWN SUPERMARKET YORK PA', '131 N DUKE ST', 'YORK PA 17401', 'T: (717) 848-5480', '*F: (717) 848-5', NULL, '2017-04-29 13:09:49', '2017-04-29 13:09:49'),
('6c265378-1451-4d51-9ab6-1614369e5471', 'CARLOS PRODUCE LLC', '2011 LUGINE AVE', 'GWYNN OAK, MD 21207-4495', 'TEL: 443-841-6111', 'FAX:  410-265-5', NULL, '2017-04-29 13:09:49', '2017-04-29 13:09:49'),
('816fe203-9be9-44ec-a052-3c58ad565de2', 'HISPA FOOD MARKET', '183 MAYO RD SUITE A', 'EDGEWATER, MD 21037', 'TE:443-822-4631', NULL, NULL, '2017-04-29 13:09:49', '2017-04-29 13:09:49'),
('b9548539-5d5e-48cf-95b9-8bf5bdaacb42', 'DANIEL PRODUCE', '48 NORTH MAIN ST', 'SELBYVILLE DE19975', 'TEL: 585-322-4069', NULL, NULL, '2017-04-29 13:09:49', '2017-04-29 13:09:49'),
('acbc2c22-5655-45f7-9539-75efb8a32bac', 'EL SUPER LO NUESTRO LLC', NULL, NULL, NULL, NULL, NULL, '2017-04-29 13:09:49', '2017-04-29 13:09:49'),
('621acd3a-91d7-467d-857d-db387102fd2a', 'NEMECIO MARIN', NULL, NULL, NULL, NULL, NULL, '2017-04-29 13:09:49', '2017-04-29 13:09:49'),
('be0feb4b-6c69-4632-9e13-7d7447c76301', 'SAN FRANCISCO', '18388 COASTAL HWY UNIT 9', 'LEWES, DE 19958', NULL, NULL, NULL, '2017-04-29 13:09:49', '2017-04-29 13:09:49'),
('013bfe22-14da-4621-ba31-1595716c7a58', 'G. FLORES PRODUCE', 'GERARDO FLORES', '156 MARK DR.', 'COLONIAL BEACH VA 22443', NULL, NULL, '2017-04-29 13:09:49', '2017-04-29 13:09:49'),
('5d95e653-aff6-40cc-a569-e969eb286151', 'MODESTO HERNANDEZ', '200 PLEASANT ST', 'HANOVER PA 17331', '717*698*6277', NULL, NULL, '2017-04-29 13:09:49', '2017-04-29 13:09:49'),
('efff77fa-145f-4c9d-9452-cfdd3ddf3061', 'SONIA', '310 HOMBERG AVE', 'ESSEX MD 21221', '443-629-9423', NULL, NULL, '2017-04-29 13:09:49', '2017-04-29 13:09:49'),
('e07906d4-6276-43e7-8459-e91eb959eb93', 'LOS HORIZONTES', NULL, NULL, NULL, NULL, NULL, '2017-04-29 13:09:49', '2017-04-29 13:09:49'),
('55be3854-8dc3-4aab-a0c8-818ee03711c2', 'BIG VALLEY INC', '1308 5TH ST', 'WASHINGTON, DC 20002', NULL, NULL, NULL, '2017-04-29 13:09:49', '2017-04-29 13:09:49'),
('7b6014df-b42e-4754-8777-b15d16dbaf9d', 'NORBERTO', NULL, NULL, NULL, NULL, NULL, '2017-04-29 13:09:49', '2017-04-29 13:09:49'),
('63c2c5b2-d9e4-4df9-9c4f-d719769b13dd', 'NEW GRAND MART RICHMOND LLC', '7415 MIDLOTHIAN MART', 'NORTH CHESTERFIELD, VA 23225', 'PHONE:804 675 1425', 'FAX:804 675 142', NULL, '2017-04-29 13:09:49', '2017-04-29 13:09:49'),
('995c806e-bc76-4692-82c3-910940304603', 'CERRITOS POPUCERIA', '43137 JOHN MOSBY HWY', 'CHATILLY, VA 20152', NULL, NULL, NULL, '2017-04-29 13:09:49', '2017-04-29 13:09:49'),
('590dfa23-1986-484f-a4a8-8fc4067383ff', 'RAMOS DELY', NULL, NULL, NULL, NULL, NULL, '2017-04-29 13:09:49', '2017-04-29 13:09:49'),
('cf6e0df4-c8bf-4fc7-bb2f-c7b1fbd77f41', 'LA ESTRELLA DELWARE', '795 PULASKI HWY', 'BEAR, DE 19701', '302-322-2330', NULL, NULL, '2017-04-29 13:09:49', '2017-04-29 13:09:49'),
('8beada26-61df-4677-ac29-7824104b4754', 'TIENDA EMMANUEL', '1407 FOREST DR', 'ANNAPOLIS, MD 21403', '443-852-2000', NULL, NULL, '2017-04-29 13:09:49', '2017-04-29 13:09:49'),
('2df1d55d-a605-46e5-8b49-975805413e2d', 'LA FLOR DE MEXICO', '1201 MIDDLEFORD ROAS STE', 'SEAFORD, DE 19973', 'TEL: (302) 629-4957', 'FAX: (302) 629-', NULL, '2017-04-29 13:09:49', '2017-04-29 13:09:49'),
('8ee67204-5d8b-40bf-80d5-66a264aab5c8', 'MONICA SANCHEZ', '200 PLEASANT ST APT 7', 'HANOVER PA, 17331', 'TEL: 717-965-3994', 'TEL: 717-965-99', NULL, '2017-04-29 13:09:49', '2017-04-29 13:09:49'),
('149bbd83-68ec-4664-a405-3de167f7bd60', 'YOLANDA GROCERY LLC', '4915 EASTERN AVE', 'BALTIMORE, MD 21224', 'T: 443-388-4250', NULL, NULL, '2017-04-29 13:09:49', '2017-04-29 13:09:49'),
('2adf3746-72fa-41a1-976c-2fd5c970cd50', 'SAN DIEGO MEXICAN GROCERY', '36 E LINCOLN AVE', 'HATFIELD PA 19440', 'T:( 215) 361-8628', NULL, NULL, '2017-04-29 13:09:49', '2017-04-29 13:09:49'),
('0006aed7-6683-45ed-ba3b-740193d43b7d', 'EL RINCON HISPANO #1', '215 SOUTH EAST STREET', 'CULPEPPER VA 22701', 'TEL: 540-829-9488', 'FAX: 540-829-23', NULL, '2017-04-29 13:09:49', '2017-04-29 13:09:49'),
('4ccc36c4-8784-4ad3-bd23-87082c475dca', 'CERRITOS RESTAURANT', '7559 RITCHIE HWY', 'GLEN BURNIE, MD 21061', 'T: (410) 424-2282', NULL, NULL, '2017-04-29 13:09:49', '2017-04-29 13:09:49'),
('cdb5f791-ffd9-4f50-81ea-f97580749e29', 'TROPIMART INTERNATINAL FOODS', NULL, NULL, NULL, NULL, NULL, '2017-04-29 13:09:49', '2017-04-29 13:09:49'),
('19756112-3747-47cb-bdf9-70258ea228a7', 'VILLAMEX', '2504 ST AVE', 'HYATTSVILLE, MD 20781', NULL, NULL, NULL, '2017-04-29 13:09:49', '2017-04-29 13:09:49'),
('c4160be6-6cde-4d84-91ed-0dda7b07520a', 'PALMERAS MARKET INC.', '250 ENGLAR RD. R17', 'WESTMINISTER, MD 21157', NULL, NULL, NULL, '2017-04-29 13:09:49', '2017-04-29 13:09:49'),
('4b5fdf9f-052d-4f88-a1f9-81677b520821', '.....', NULL, NULL, NULL, NULL, NULL, '2017-04-29 13:09:49', '2017-04-29 13:09:49'),
('d6131817-80ae-403b-8296-02c56c229816', ']', NULL, NULL, NULL, NULL, NULL, '2017-04-29 13:09:49', '2017-04-29 13:09:49'),
('a625c12b-ea52-49ab-810d-0127183339b7', 'A. J FAVA', 'MARYLAND WHOLESALE PRODUCE MARKET', 'UNIT 33 BUILDING B JESS', 'FAX:410-799-7297', 'PHONE:443-506-3', 'jarocho1406@gmail.com', '2017-04-29 13:09:49', '2017-04-29 13:09:49'),
('b300c1cb-7422-4714-84a8-c05dbb1ab64c', 'A.F.S  LLC', NULL, NULL, NULL, NULL, 'arturo@violante.com', '2017-04-29 13:09:49', '2017-04-29 13:09:49'),
('5447c00d-5030-4bc2-af9b-0f2568f6a113', 'ALDI', NULL, NULL, NULL, NULL, NULL, '2017-04-29 13:09:49', '2017-04-29 13:09:49'),
('99f43e6f-016f-4ea6-ab81-1e297e1fdf38', 'ALFA INTERNATIONAL', NULL, NULL, NULL, NULL, NULL, '2017-04-29 13:09:49', '2017-04-29 13:09:49'),
('a66b3951-7727-471f-a04f-f1e1b09a129d', 'ALPHA CONVENIENCE STORE BT', NULL, NULL, NULL, NULL, NULL, '2017-04-29 13:09:49', '2017-04-29 13:09:49'),
('b8797ca1-73d9-4511-9960-f3bc403a08e9', 'AMANEER', NULL, NULL, NULL, NULL, NULL, '2017-04-29 13:09:49', '2017-04-29 13:09:49'),
('d0ea449e-9a66-4ee9-ab42-ea2635b1ad8f', 'AMAYA FOODS', 'TEL: 443-286-7308', NULL, NULL, NULL, NULL, '2017-04-29 13:09:49', '2017-04-29 13:09:49'),
('aa5b1efb-ed76-4e6d-bd84-4fe4dd2de6e5', 'AMERICA INTERNACIONAL', NULL, NULL, NULL, NULL, NULL, '2017-04-29 13:09:49', '2017-04-29 13:09:49'),
('7f5c52fe-6e7f-41f5-87be-a8d1079a9695', 'ANDREAS DIMITRIOU', 'PO BOX 3851', 'RESTON, VA 20195', NULL, NULL, NULL, '2017-04-29 13:09:49', '2017-04-29 13:09:49'),
('b2667423-5ef4-492c-b6b1-650efc56b7c5', 'ANITA', '342 STRAWBERRY', NULL, NULL, NULL, NULL, '2017-04-29 13:09:49', '2017-04-29 13:09:49'),
('c0c86dfd-da63-435e-9f4a-ae9fc66401e5', 'ANTONIO FLORES', 'T: 202-903-7005', NULL, NULL, NULL, NULL, '2017-04-29 13:09:49', '2017-04-29 13:09:49'),
('a81798d5-4530-45ae-bdf8-f8697ea62187', 'APNA DESH', '8300 PULASKI HWY', 'BALTIMORE, MD 21237', NULL, NULL, NULL, '2017-04-29 13:09:49', '2017-04-29 13:09:49'),
('e24ceb43-76fc-4860-bdcd-e682776ffaa3', 'AREVALO FARMS INC', '8103 KERBY PARKWAY CT', 'FORT WASHINGTON MD 20744', 'TEL: 240-502-5009', 'FAX: 301-899-94', 'luisclaros@arevalolcfarms.com', '2017-04-29 13:09:49', '2017-04-29 13:09:49'),
('b01f5b72-d1d3-4059-ab8d-6941855f8a43', 'B/J IVAN', 'PHONE: 301-332-6106', NULL, NULL, NULL, NULL, '2017-04-29 13:09:49', '2017-04-29 13:09:49'),
('559d068e-5884-43a6-a1cf-8ed665053cbe', 'BELAIR PRODUCE INC', '7226 PARKWAY DRIVE', 'HANOVER, MD 21076', 'PHONE:443-250-4667', 'FAX:410-782-000', NULL, '2017-04-29 13:09:49', '2017-04-29 13:09:49'),
('1ca2ea74-37f8-4160-80d1-bbe6a8ca02b9', 'BEST WAY ADELPHY', '9145 RIGGS RD.', 'ADELPHY, MD 20783', 'PHONE: 301-445-1807', NULL, NULL, '2017-04-29 13:09:49', '2017-04-29 13:09:49'),
('82f2b10d-0f51-4afd-802c-7831f6bfa30d', 'BEST WAY SILVER SPRING', '8540 PINEY BRANCH RD', 'SILVER SPRING, MD 20901', 'PHONE: 301-587-5262', NULL, NULL, '2017-04-29 13:09:49', '2017-04-29 13:09:49'),
('97d71a02-f84c-4179-967c-22bc6ac01564', 'BHAVANI USA INC', '8400W BROAD ST', 'HENRICO VA 23294', 'T: 804-317-1132', 'F:804-217-9070', NULL, '2017-04-29 13:09:49', '2017-04-29 13:09:49'),
('577098bd-8219-43b9-9dd6-be10bcb0ab7d', 'BRAHMANI MARKET', '415 NORTH MILITARY HWY', 'NORFOLK VA . 23502', 'C:1202-238-8750', 'T: 757-455-0700', NULL, '2017-04-29 13:09:49', '2017-04-29 13:09:49'),
('aa717278-d367-4c75-9283-35fed1d0825c', 'BROADWAY SUPERMARKET', '108 BROADWAY', 'BALTIMORE, MD 21231', NULL, NULL, NULL, '2017-04-29 13:09:49', '2017-04-29 13:09:49'),
('b61ae177-6e7f-45df-8505-ad0418d5506d', 'CABRITO MEXICAN GRILL', '1407 FOREST DR.', 'ANNAPOLIS, MD 21403', 'TEL:(240)893-7270', NULL, NULL, '2017-04-29 13:09:49', '2017-04-29 13:09:49'),
('26708edf-8946-4c0e-b840-965c06b2effa', 'CAMPO GROCERY', '135 SOUTH PHILADELPHIA BLVD', 'ARBERDEEN, MD 21001', NULL, NULL, NULL, '2017-04-29 13:09:49', '2017-04-29 13:09:49'),
('689acbeb-0662-4f36-914f-ac6e3e1adfd6', 'CANEY FOOD MARKET', '1222 Mulberry St,', 'Harrisburg, PA 17104', 'Phone: (717) 221-1183', 'Open 9-9', NULL, '2017-04-29 13:09:49', '2017-04-29 13:09:49'),
('631b9a88-9c89-4d3d-87c4-025b15c130f6', 'CASSY DELI GROCERY', '1441 DARRY ST.', 'HARRISBURG, PA 17104', 'TEL: 914-885-3487', NULL, NULL, '2017-04-29 13:09:49', '2017-04-29 13:09:49'),
('034b35eb-d708-42d2-9e16-b910ee9e56de', 'CENTRAL SUPERMARKET', NULL, NULL, NULL, NULL, NULL, '2017-04-29 13:09:49', '2017-04-29 13:09:49'),
('9a96a41f-cb06-440f-9ee5-c11111ad16e8', 'CHOLULA TACOS & DELI', '223 YORK RD. SUITE D', 'WARMINSTER, PA  18974', 'TEL: 215-441-8574', 'JOSE MORALES', NULL, '2017-04-29 13:09:49', '2017-04-29 13:09:49'),
('5cb0f97f-7d59-4456-a09d-2c58b8cc815c', 'CINCO DE MAYO PA', '289 E STREET RD', 'WARMINSTER, PA 18974-3305', NULL, NULL, NULL, '2017-04-29 13:09:49', '2017-04-29 13:09:49'),
('88045a42-1e8e-49a8-a1fd-2d0ecef6e88c', 'CONEY FOOD MARKET', NULL, NULL, NULL, NULL, NULL, '2017-04-29 13:09:49', '2017-04-29 13:09:49'),
('c1e83734-0d69-48bf-bf39-5f0febc1c47e', 'CROWN SUPERMARKET', '3721 HANOVER ST.', 'BALTIMORE, MD 21275', 'PHONE: 240-893-3048', NULL, NULL, '2017-04-29 13:09:49', '2017-04-29 13:09:49'),
('9560faee-b1fb-459c-9431-30e2f40453db', 'DANNY''S PIZZERIA & MARKET', '48 NORTH MAIN ST.', 'SELBYVILLE, DE 19975', 'PHONE: 585-322-4069', 'FAX: 302-436-15', NULL, '2017-04-29 13:09:49', '2017-04-29 13:09:49'),
('897e3c9d-da37-41e3-acac-880e37921f85', 'DANNY''S PRODUCE', 'TEL: 301-573-5979', NULL, NULL, NULL, NULL, '2017-04-29 13:09:49', '2017-04-29 13:09:49'),
('e14cd56c-9f08-4331-a02a-4bab068c3c83', 'DEL HUERTO GROCERY & DELI', '79 JOHN STREET', 'WESTMINSTER, MD 21157', 'T: 410-857-0008', NULL, NULL, '2017-04-29 13:09:49', '2017-04-29 13:09:49'),
('809715d2-7b8e-420b-a868-02d32169a61b', 'DEL PUERTO PA', NULL, NULL, NULL, NULL, NULL, '2017-04-29 13:09:49', '2017-04-29 13:09:49'),
('fbfc59e0-e110-411e-b81e-44723fba37ea', 'DELICIAS MEXICANAS', NULL, NULL, NULL, NULL, NULL, '2017-04-29 13:09:49', '2017-04-29 13:09:49'),
('f732ae84-cd8b-4b2e-bb85-a0e7f82e2447', 'DERRY SUPERMARKET', '345 CARLISLE ST', 'HARRISBURG PA', NULL, NULL, NULL, '2017-04-29 13:09:49', '2017-04-29 13:09:49'),
('18a9bccc-aee2-4813-9cc7-8bcd2542de93', 'DEVON SUPPLY', 'RAY DiMARTINO', 'C: 610-420-1120', NULL, NULL, NULL, '2017-04-29 13:09:49', '2017-04-29 13:09:49'),
('27317043-1018-4ded-962e-b1d0090b8192', 'DMV PRODUCE', NULL, NULL, NULL, NULL, NULL, '2017-04-29 13:09:49', '2017-04-29 13:09:49'),
('a00de59b-30fa-4c1a-bf08-fb276f8f425c', 'DON JORGE''S RESTAURANT', NULL, NULL, NULL, NULL, NULL, '2017-04-29 13:09:49', '2017-04-29 13:09:49'),
('b5a9575a-274b-45f0-aa59-ec9725fcd4a7', 'DONA MARTITA', '3205 EMARKET ST, PA 17402', 'T: 717-650-5137', NULL, NULL, NULL, '2017-04-29 13:09:49', '2017-04-29 13:09:49'),
('7ad71c31-0993-4a59-b757-40d5787c331b', 'DONA YOLA', NULL, NULL, NULL, NULL, NULL, '2017-04-29 13:09:49', '2017-04-29 13:09:49'),
('3d92c482-3abe-4ce9-afe3-98e99368644d', 'DONATION', 'SAGRED MONASTERY', '9002 CLEMSONVILLE RD', 'UNION BRIDGE , MD 21791', '21791USA', NULL, '2017-04-29 13:09:49', '2017-04-29 13:09:49'),
('2d11d254-f582-4454-8b0e-7ead1f7fde5c', 'DOS AMIGOS', '216 S. QUEEN ST', 'LITTLESTOWN, PA 17340', 'PHONE: 717-359-1952', NULL, NULL, '2017-04-29 13:09:49', '2017-04-29 13:09:49'),
('ad8b1beb-9b1a-4e30-a415-88e661e264c9', 'DOS AMIGOS (CLAUDIO)', '26 N. MAIN ST', 'PHONE: 717-372-5713', NULL, NULL, NULL, '2017-04-29 13:09:49', '2017-04-29 13:09:49'),
('dc3b0579-791b-4b4e-950f-cec41b7d8bb7', 'E-Z MIKE', '2201 I STREET', 'WASHINGTON DC 20007', 'TEL: 443-538-9928', NULL, NULL, '2017-04-29 13:09:49', '2017-04-29 13:09:49'),
('36471c02-21ca-47aa-bdb5-d71602c71871', 'E GRAN AMANCER', NULL, NULL, NULL, NULL, NULL, '2017-04-29 13:09:49', '2017-04-29 13:09:49'),
('0fe0d404-4f9e-4441-bed7-bae4c30d4f5e', 'EDO SUSHI', 'TIMONIUM MD 21093', 'PADONIA VILLAGE SHOPPIN CENTER', '410-667-9200', NULL, NULL, '2017-04-29 13:09:49', '2017-04-29 13:09:49'),
('1b199452-44df-4d61-860b-27fe3c64249f', 'EDWARD G. RAHLL & SONS, INC.', 'MD WHOLESALE PRODUCE MARKET', 'UNITS 30 THRU 52  JESSUP, MD 20794', 'PHONE:410-799-3800', 'FAX: 410-799-80', NULL, '2017-04-29 13:09:49', '2017-04-29 13:09:49'),
('414a1c38-21d7-4814-92b2-6b5786cf72c0', 'EL AGAVE GRILL INC', NULL, NULL, NULL, NULL, NULL, '2017-04-29 13:09:49', '2017-04-29 13:09:49'),
('e8b8f995-b516-4bda-ae9b-1a3236103b7d', 'EL BUCANAS CAFE', NULL, NULL, NULL, NULL, NULL, '2017-04-29 13:09:49', '2017-04-29 13:09:49'),
('9d4e900a-a4b3-4edf-9554-a896c2fac000', 'EL CACIQUE RESTAURANT', '175 PENN AVE', 'TEELFORD PA 18969', NULL, NULL, NULL, '2017-04-29 13:09:49', '2017-04-29 13:09:49'),
('ef8bc097-3632-45a8-baac-d8d61d6f73e7', 'EL CHARRO P A', '425 S CAMERON ST', 'HARRISBURG, PA 17101', NULL, NULL, NULL, '2017-04-29 13:09:49', '2017-04-29 13:09:49'),
('daba9877-6b07-421a-ba62-2c76417bf0d0', 'EL DORADO MARKET', '7335 MIDLOTHIAN TNPK', 'NORTH CHESTERFIELD, VA 23225', NULL, NULL, NULL, '2017-04-29 13:09:49', '2017-04-29 13:09:49'),
('9b57b0ec-195b-404d-bc51-185b9791319a', 'EL GALLITO MEXICAN BAKERY II LLC', NULL, NULL, NULL, NULL, NULL, '2017-04-29 13:09:49', '2017-04-29 13:09:49'),
('1295d348-5c82-4bfd-b612-2760169346c5', 'EL GALLITOS', '350 N 10TH STREET', 'READING PA 19604', 'T: 610-372-7075', NULL, NULL, '2017-04-29 13:09:49', '2017-04-29 13:09:49'),
('79da746e-497b-41a1-aa59-b2cf65fab2d6', 'EL HIDALGO', '6060 MARSHALEE DR', 'ELKRIDGE MD 21075', 'T: 410-540-2999', 'T: 443-739-9686', NULL, '2017-04-29 13:09:49', '2017-04-29 13:09:49'),
('2eb6481c-65b1-4cc0-811d-549062b5fc17', 'EL JALISCO SUPER MARKET', NULL, NULL, NULL, NULL, NULL, '2017-04-29 13:09:49', '2017-04-29 13:09:49'),
('aa708c50-4e7c-4d2b-aaea-5eaca864366b', 'EL JIE', NULL, NULL, NULL, NULL, NULL, '2017-04-29 13:09:49', '2017-04-29 13:09:49'),
('55097807-4c2f-443b-811b-43f076801249', 'EL MALECON', NULL, NULL, NULL, NULL, NULL, '2017-04-29 13:09:49', '2017-04-29 13:09:49'),
('a2d3cb55-cd76-40be-9678-468cf9c3f58a', 'EL MANANERO', '207 S BROADWAY', 'BALTIMORE MD 21231', '(410) 522-3250', NULL, NULL, '2017-04-29 13:09:49', '2017-04-29 13:09:49'),
('1cb8057e-e408-46a4-9c0b-8c7685da6dcf', 'EL OLIVIO MARKET', '1423 DUAL MARKET', 'HAGERSTOWN, MD 21740', 'PHONE: 301-766-9335', NULL, NULL, '2017-04-29 13:09:49', '2017-04-29 13:09:49'),
('1b0c3950-12b2-45fd-a69a-0120121af87b', 'EL PASO', '4826 ANNAPOLIS RD', 'BLADENSBURG MD 20710', 'T: 301-927-4557', NULL, NULL, '2017-04-29 13:09:49', '2017-04-29 13:09:49'),
('31fcc032-52c3-49d9-84dc-1f03f60f75b6', 'EL PILAR', NULL, NULL, NULL, NULL, NULL, '2017-04-29 13:09:49', '2017-04-29 13:09:49'),
('be45ae64-f14f-4e4e-a2dc-f874b88149a2', 'EL POBLANITO  ( FLEA  MARKET )', NULL, NULL, NULL, NULL, NULL, '2017-04-29 13:09:49', '2017-04-29 13:09:49'),
('167ce1f2-9d48-4f4c-9580-9de16c299bc1', 'EL PUENTE MEXICAN STORE', NULL, NULL, NULL, NULL, NULL, '2017-04-29 13:09:49', '2017-04-29 13:09:49'),
('4545d5b3-39f4-4a6b-9aad-4a0947b9c076', 'EL REY LATINO MARKET', '13531 CLOPPER RD', 'GERMANTOWN, MD 20874', 'T: 240-780-7952', NULL, 'guero1488@gmail.com', '2017-04-29 13:09:49', '2017-04-29 13:09:49'),
('bf825066-7952-47ad-8624-00775b62e847', 'EL RINCON HISPANO #2', '102 DUKE STREET', 'SUITE 102', 'CULPEPPER, VA 22701', NULL, NULL, '2017-04-29 13:09:49', '2017-04-29 13:09:49'),
('6f02771f-cff6-4ed0-a847-2734b44ef349', 'EL SANGARITO  PA', NULL, NULL, NULL, NULL, NULL, '2017-04-29 13:09:49', '2017-04-29 13:09:49'),
('8e68af99-ebe3-43f9-bf2a-f7e8a7c50adc', 'EL SOL MEXICAN STORE, INC', '1628 WEST MARKET STREET', 'YORK, PA 17404', 'T:717-699-0028', NULL, NULL, '2017-04-29 13:09:49', '2017-04-29 13:09:49'),
('582d13e3-b6b5-42a4-a80a-fe04e99ae7da', 'EL SOMBRERO', NULL, NULL, NULL, NULL, NULL, '2017-04-29 13:09:49', '2017-04-29 13:09:49'),
('50bca44e-e682-4f1f-aaee-f6c56d45d695', 'EL TORITO GROCERY', '2160 S. LOUDOUN ST', 'WINCHESTER VA 22601', 'T: 540-323-7913', 'EMILIA: 540-246', NULL, '2017-04-29 13:09:49', '2017-04-29 13:09:49'),
('93f4c981-8216-4d05-a009-6671f82b516a', 'EL VIEJO JALISCO', NULL, NULL, NULL, NULL, NULL, '2017-04-29 13:09:49', '2017-04-29 13:09:49'),
('8652c491-0c01-4789-ab03-0c7313b2f28c', 'ESTELA  BALTIMORE', NULL, NULL, NULL, NULL, NULL, '2017-04-29 13:09:49', '2017-04-29 13:09:49'),
('4ab7c659-8a7d-4fcb-925b-573757ded158', 'FAMILY INTERNATIONAL MARKET', '136 E MARKET ST', 'GEORGETOWN, DE 19947', NULL, NULL, NULL, '2017-04-29 13:09:49', '2017-04-29 13:09:49'),
('10691b54-4c77-4834-93ed-c161ee344ac8', 'FIESTA GRILL', NULL, NULL, NULL, NULL, NULL, '2017-04-29 13:09:49', '2017-04-29 13:09:49'),
('3e645413-7796-4548-9d2a-6c575b136fba', 'FOOD MAX 1', '1107 BERRYVILLE AVE', 'WINCHESTER VA 22601', 'PH: 540-722-4604', 'FA: 540-722-460', NULL, '2017-04-29 13:09:49', '2017-04-29 13:09:49'),
('fb184bc0-615b-4e7f-820d-c1ec38d702f7', 'FOOD MAX 2', '924 W. MARKET STREET', 'HARRISONBURG, VA 22801', 'PH:540-568-1811', 'FAX:540-568-188', 'foodmaxx2011@gmail.com', '2017-04-29 13:09:49', '2017-04-29 13:09:49'),
('e5613262-729f-48c1-bc93-1f5a3e1a29ef', 'FRANKS PRODUCE', NULL, NULL, NULL, NULL, NULL, '2017-04-29 13:09:49', '2017-04-29 13:09:49'),
('ba5273d7-2445-4f8d-aab2-2822de17a9ae', 'FRESH PRODUCE INC.', 'PH:571-330-3371', 'FAX:571-355-1116', NULL, NULL, 'Freshproduce@gmail.com', '2017-04-29 13:09:49', '2017-04-29 13:09:49'),
('580034cd-c77c-47c0-b2e9-4fb609108626', 'FRUTA  FRESH', NULL, NULL, NULL, NULL, NULL, '2017-04-29 13:09:49', '2017-04-29 13:09:49'),
('f6548738-d582-449d-a2f7-291a7c78d254', 'FRUTAMEX LLC', '7911 INNKEEPER DR', 'SEVERN, MD 21144', 'TEL: 301-442-0956', NULL, NULL, '2017-04-29 13:09:49', '2017-04-29 13:09:49'),
('da9ebc72-dbea-4d49-86ea-53567fa4fa41', 'G. CEFALU', '8005 RAPPAHANNOCK AVE', 'JESSUP MD 20794.        (ACCOUNTUNG:TONY)', 'T:410-799-3414//ACC.443-661-5668', 'F:443-755-1446/', 'sergios@gcefalo.com', '2017-04-29 13:09:49', '2017-04-29 13:09:49'),
('68a9e7c6-8d43-4f96-a526-80e669b9aea3', 'GARCIAS MINIMART', '4335 YORK RD NEW', 'OXFORD, PE', '717-524-7770', NULL, NULL, '2017-04-29 13:09:49', '2017-04-29 13:09:49'),
('cb9034f2-3915-4363-ad78-1e57c757e8b9', 'GAS STATION', NULL, NULL, NULL, NULL, NULL, '2017-04-29 13:09:49', '2017-04-29 13:09:49'),
('60e92eea-e251-4c49-be33-4d22e32e80c8', 'GIOTTI RESTAURANT', NULL, NULL, NULL, NULL, NULL, '2017-04-29 13:09:49', '2017-04-29 13:09:49'),
('b39172c4-755a-4c20-b21f-20b11f568a02', 'GRILL RESTAURANT BELAIR', NULL, NULL, NULL, NULL, NULL, '2017-04-29 13:09:49', '2017-04-29 13:09:49'),
('7b9359ea-541d-4915-8866-dfb70051ff2a', 'GROCERY STORE', '225 S BROADWAY', 'BALTIMORE, MD 21231', 'PHONE:443-563-2980', NULL, NULL, '2017-04-29 13:09:49', '2017-04-29 13:09:49'),
('b70cc39d-33c5-4337-9b26-255842fb3ee3', 'GTB SUPERMARKET', '220 E DIAMNOND AVE', 'GAITHERSBURG, MD 20877', '301*869*0729', NULL, NULL, '2017-04-29 13:09:49', '2017-04-29 13:09:49'),
('6f6c6eb4-9820-46f8-8fb5-9188c69a6588', 'H & M', '11325  COLUMBIA PIKE C2', 'SILVER SPRING, MD 20904', NULL, NULL, NULL, '2017-04-29 13:09:49', '2017-04-29 13:09:49'),
('708ba00a-08a2-4a4f-90ec-b9378e03d341', 'HA MART', '619 OLD HAM ST', 'BALTIMORE, MD 21224', 'T: 917-379-6856', NULL, NULL, '2017-04-29 13:09:49', '2017-04-29 13:09:49'),
('df1d5dbb-7598-4684-a766-4b8666b82657', 'HAPYNESS GROCERY', NULL, NULL, NULL, NULL, NULL, '2017-04-29 13:09:49', '2017-04-29 13:09:49'),
('e9448d0e-c637-4e6c-bd54-f96212c6282d', 'HARRISBURG MEXICAN RESTAURANT', NULL, NULL, NULL, NULL, NULL, '2017-04-29 13:09:49', '2017-04-29 13:09:49'),
('de125137-d054-4393-94cf-97c03a6e7717', 'Hernandez Grocery', NULL, NULL, NULL, NULL, NULL, '2017-04-29 13:09:49', '2017-04-29 13:09:49'),
('a96b0942-f59b-48cb-916e-e5027e578613', 'HING YE TRADING CO', '7501 PULASKI HIGHWAY', 'ROSEDALE, MD 21237', NULL, NULL, NULL, '2017-04-29 13:09:49', '2017-04-29 13:09:49'),
('217dda76-9cfc-4cf0-9f73-b7acb47c7154', 'HONEY PIG', '10045 BALTIMORE NATIONAL PIKE', 'ELLICOTT CITY, MD 21042', 'honeypigteam@gmail.com', 'www.eathoneypig', NULL, '2017-04-29 13:09:49', '2017-04-29 13:09:49'),
('71f5eabc-88d9-4069-890f-7fdf5e0b5dc1', 'HORIZONTES', '2122 FOREST DR', 'ANNAPOLIS, MD', NULL, NULL, NULL, '2017-04-29 13:09:49', '2017-04-29 13:09:49'),
('7682cf65-076a-443e-a057-6b801f4039c0', 'I K 1', NULL, NULL, NULL, NULL, 'ikchoe@iktrading.com', '2017-04-29 13:09:49', '2017-04-29 13:09:49'),
('d59502d2-da53-41e8-a8a8-bc9968055223', 'INTERNATIONAL GROCERY', NULL, NULL, NULL, NULL, NULL, '2017-04-29 13:09:49', '2017-04-29 13:09:49'),
('598e01db-a289-4968-87bf-9137403101b8', 'IRENE''S EL CHARRITO RESTAURANT', '202 FORT MEADE RD.', 'LAUREL, MD 20707', 'PH: 301-362-3371', 'FAX:301-362-337', NULL, '2017-04-29 13:09:49', '2017-04-29 13:09:49'),
('fb907590-8c67-4589-b251-663a9368679f', 'J & J INTERNATIONAL WOODBRIDGE INC', NULL, NULL, NULL, NULL, NULL, '2017-04-29 13:09:49', '2017-04-29 13:09:49'),
('01e4c6e7-d216-4028-9267-1ceb3aaf1800', 'J & M PRODUCE', '119 WARWICKSHIRE LN', 'APT G GLEN BURNIE MD 21061', 'TEL:917-226-6815', 'FAX: 410-636-16', 'maripequi@gmail.com', '2017-04-29 13:09:49', '2017-04-29 13:09:49'),
('a9cc0c05-b1f4-4789-8bd5-ea766a1ed5be', 'J.C. ROMEROS CAFE', '365 CORNWALL ST.', 'BALTIMORE, MD 21224', 'CELL: 443-916-5310', 'TEL: 410-633-80', NULL, '2017-04-29 13:09:49', '2017-04-29 13:09:49'),
('251760d8-9abb-4b66-af77-0c19f9ff66f8', 'JACOVO II', NULL, NULL, NULL, NULL, NULL, '2017-04-29 13:09:49', '2017-04-29 13:09:49'),
('a1e9bad6-3d93-4628-829c-6a013d69f87d', 'JAGAPI', NULL, NULL, NULL, NULL, NULL, '2017-04-29 13:09:49', '2017-04-29 13:09:49'),
('7d8b7de6-75b1-4d96-9945-3e4018b1d70a', 'JAIME ORTIZ', NULL, NULL, NULL, NULL, NULL, '2017-04-29 13:09:49', '2017-04-29 13:09:49'),
('01ca0d8d-fcc8-47ad-b0aa-95429aef0e87', 'JAKIS PRODUCE', NULL, NULL, NULL, NULL, NULL, '2017-04-29 13:09:49', '2017-04-29 13:09:49'),
('8aefd8c7-68eb-4258-a0e4-643f0503184a', 'JALAPENOS RESTAURANT', '109  N WASHINGTON ST', 'HAVRE DE GRACE, MD 21078', NULL, NULL, NULL, '2017-04-29 13:09:49', '2017-04-29 13:09:49'),
('d99e03e6-c38f-4373-b596-91cd7fa41a21', 'JALISCO MARKET', '925 GREEN STREET', 'READING PA19604', NULL, NULL, NULL, '2017-04-29 13:09:49', '2017-04-29 13:09:49'),
('0d6ee556-997f-40c6-82ec-21ee5c6e2d8f', 'JEANNETTE ARIAGA', NULL, NULL, NULL, NULL, NULL, '2017-04-29 13:09:49', '2017-04-29 13:09:49');
INSERT INTO `customerslist` (`customerGUID`, `customerName`, `shipaddress1`, `shipaddress2`, `phone`, `fax`, `mainMail`, `RecordCreated`, `RecordLastModified`) VALUES
('7efcde65-758a-43c5-84fa-c80363b1d929', 'JIFFY MART', NULL, NULL, NULL, NULL, NULL, '2017-04-29 13:09:49', '2017-04-29 13:09:49'),
('44510cc9-03f5-4216-8f9a-f1fb11a63c9b', 'JIREH INTERNATIONAL', NULL, NULL, NULL, NULL, NULL, '2017-04-29 13:09:49', '2017-04-29 13:09:49'),
('f7d3a7f6-0999-4be9-a947-5a648fdaf19b', 'JOSE HERNANDEZ', NULL, NULL, NULL, NULL, NULL, '2017-04-29 13:09:49', '2017-04-29 13:09:49'),
('9d6fd86d-ebfb-4059-bdf6-70b883d45e99', 'JUAN PRODUCE LLC', NULL, NULL, NULL, NULL, NULL, '2017-04-29 13:09:49', '2017-04-29 13:09:49'),
('8f44de7b-e359-4a73-b584-7d8bb5722fce', 'JUNIOR MARKET', NULL, NULL, NULL, NULL, NULL, '2017-04-29 13:09:49', '2017-04-29 13:09:49'),
('c3617cb1-47dd-400c-87af-8bd4f36cbe3b', 'KC PRODUCE & FOOD SERVICES', 'CONOWINGO AVE BLDG UNIT 47-55', 'JESSUP MD 20794', 'TEL: 410-799-8703 O 410-799-8704', 'FAX: 410-799-87', NULL, '2017-04-29 13:09:49', '2017-04-29 13:09:49'),
('ea0008da-051e-4273-be6e-9d0afd8fc72d', 'KOREAN KORNER', '12207 VEIRS MILL RD.', 'SILVER SPRING, MD 20906', 'TEL: (301) 933-2000', 'FAX: (301) 949-', 'www.koreankorner.biz', '2017-04-29 13:09:49', '2017-04-29 13:09:49'),
('f5dccd69-fb2c-4d90-bb03-04f06bfdc900', 'L Y D TACO & PIZZA', '7915 WATERLOO RD SUITE B', 'JESSUP, MD 20794', NULL, NULL, NULL, '2017-04-29 13:09:49', '2017-04-29 13:09:49'),
('02f26a3b-d724-40b5-a515-a6a172fd233a', 'LA  LATINA', NULL, NULL, NULL, NULL, NULL, '2017-04-29 13:09:49', '2017-04-29 13:09:49'),
('18a721b0-9de9-4de7-b51e-2bf00404f342', 'La  Mixteca', NULL, NULL, NULL, NULL, NULL, '2017-04-29 13:09:49', '2017-04-29 13:09:49'),
('e41480a6-47be-488a-b33a-05fdf643104e', 'LA BUENA FE', 'TEL: 540-514-1934', NULL, NULL, NULL, NULL, '2017-04-29 13:09:49', '2017-04-29 13:09:49'),
('d089ad02-e62a-423a-91cc-5624e2c2fcc4', 'LA CEIBA FOODS LATIN MARKET', '2658 UNIVERSITY BLVD', 'W WHEATON, MD 20902', NULL, NULL, NULL, '2017-04-29 13:09:49', '2017-04-29 13:09:49'),
('047a7e74-ded6-47a9-bd72-667a6b4ef6c2', 'LA CHINA POBLANA 1', '4923 EASTERN AVE.', 'BALTIMORE, MD 21238', 'TEL: (410) 633-0767', '4106333093', NULL, '2017-04-29 13:09:49', '2017-04-29 13:09:49'),
('488f5f90-938c-425d-87b7-7e4ae9e0b1e9', 'LA CHINA POBLANA 2', '1622 EASTERN AVE.', 'BALTIMORE, MD 21231', 'TEL: (410) 537-5024', NULL, NULL, '2017-04-29 13:09:49', '2017-04-29 13:09:49'),
('ef2ef29a-836b-439e-8b96-9acdfd71755a', 'LA CHINA POBLANA 3', '731 S MARLYN AVE', 'ESSEX', 'BALTIMORE, MD 21221', 'TEL: 410-686-40', NULL, '2017-04-29 13:09:49', '2017-04-29 13:09:49'),
('2d9c52fe-b03d-4287-b1e2-04f63d6c5acb', 'LA COCINA RICA', 'LANGLEY PARK', NULL, NULL, NULL, NULL, '2017-04-29 13:09:49', '2017-04-29 13:09:49'),
('80b12b7b-2650-4ca1-8a11-35230d45455b', 'LA CORITA PA', NULL, NULL, NULL, NULL, NULL, '2017-04-29 13:09:49', '2017-04-29 13:09:49'),
('43f6ed14-ee34-4a93-b8a6-1028f9d682a2', 'LA DESPENSA A', NULL, NULL, NULL, NULL, NULL, '2017-04-29 13:09:49', '2017-04-29 13:09:49'),
('8a9e51bd-9cbe-40c6-8f68-831ae0eb21cb', 'LA DESPENSA LATINA', NULL, NULL, NULL, NULL, NULL, '2017-04-29 13:09:49', '2017-04-29 13:09:49'),
('14a23a2a-c98f-4586-8ce3-2808b7bc4ae9', 'LA ESTRELLA FREDERICK', '1507 A WEST PATRICK ST.', 'FREDERICK, MD 21702', 'PHONE: 3014-662-7425', NULL, NULL, '2017-04-29 13:09:49', '2017-04-29 13:09:49'),
('98a1cc98-30c9-4021-88cd-751e9e155c5b', 'LA ESTRES', NULL, NULL, NULL, NULL, NULL, '2017-04-29 13:09:49', '2017-04-29 13:09:49'),
('b225921d-b3e4-415d-afda-c4ef50549bd8', 'LA FAMILIA  BELAIR', NULL, NULL, NULL, NULL, NULL, '2017-04-29 13:09:49', '2017-04-29 13:09:49'),
('4aef95e4-6153-4cca-805d-101859f18398', 'LA FAMILY GROCERY', '350 E PROSPECT ST', 'YORK, PA 17403', '(717) 849-0956', NULL, NULL, '2017-04-29 13:09:49', '2017-04-29 13:09:49'),
('4b75c09b-f93d-4534-b3fc-7b3afa8e3d7a', 'LA FOGATA', 'WARMINISTER, PA', '267-803-6902', '267-803-6903', 'FAX: 267-803-69', NULL, '2017-04-29 13:09:49', '2017-04-29 13:09:49'),
('ec9d14a3-e222-4744-ae3c-ab342b8b5272', 'LA GRINGADA', '12300 BALTIMORE AVE', 'BELTSVILLE, MD 20705', 'T: 301-210-3010', NULL, NULL, '2017-04-29 13:09:49', '2017-04-29 13:09:49'),
('a08c1f5b-eef7-4b72-b73e-1194ad7ce651', 'LA MART SPRINGFIELD', 'SPRINGFIELD, VA 22150', 'T: 703-644-0072', NULL, NULL, NULL, '2017-04-29 13:09:49', '2017-04-29 13:09:49'),
('af14889a-8522-438a-a1b5-a06620a26d35', 'LA MART, INC. (SILVER SPRING)', '640 UNIVERSITY BLVD. E.', 'SILVER SPRING, MD 20901', 'PHONE: (301) 439-0110', NULL, NULL, '2017-04-29 13:09:49', '2017-04-29 13:09:49'),
('a0a421ff-b609-4fc8-a9fc-ea627ea9995f', 'LA OAXAQUENA', '3 N. PROGRESS AVE.', 'HARRISBURG, PA', 'TEL: (717) 651-5390', NULL, 'Noe_20@hotmail.com', '2017-04-29 13:09:49', '2017-04-29 13:09:49'),
('96c00ef3-2f04-496f-9206-fec086123da6', 'LA SANTISIMA TRINIDAD', NULL, NULL, NULL, NULL, NULL, '2017-04-29 13:09:49', '2017-04-29 13:09:49'),
('1833fdb5-90d9-4cf0-8076-d0dc129040d9', 'LA SELECTA', '417 DOVER STREET', 'EASTON MD 21601', '410-822-6060 tel', '410-822-6644 fa', NULL, '2017-04-29 13:09:49', '2017-04-29 13:09:49'),
('544dba29-51c5-4767-b3f2-a3baf2eadc7d', 'LA SIEMBRA', NULL, NULL, NULL, NULL, NULL, '2017-04-29 13:09:49', '2017-04-29 13:09:49'),
('3b0e6a32-41e8-45f4-b2ba-eb2e5ab51de7', 'LA TIENDONA', NULL, NULL, NULL, NULL, NULL, '2017-04-29 13:09:49', '2017-04-29 13:09:49'),
('61df4693-9cf1-4720-bb89-076b42743ea3', 'LA TORTILLERIA', NULL, NULL, NULL, NULL, NULL, '2017-04-29 13:09:49', '2017-04-29 13:09:49'),
('8ada2418-120e-4cb6-b030-db1789db6291', 'LALLOS PIZZA', NULL, NULL, NULL, NULL, NULL, '2017-04-29 13:09:49', '2017-04-29 13:09:49'),
('9f37f884-9154-4bb3-9c23-2903f8329494', 'LANASA PRODUCE INC.', 'P.O. BOX 6314', 'BALTIMORE, MD 21230', 'FAX:410-539-2366', NULL, NULL, '2017-04-29 13:09:49', '2017-04-29 13:09:49'),
('6a7ddcdc-03c1-4191-a64d-bb9697021e4c', 'LAS AMERICAS INTERNATIONAL INC', NULL, NULL, NULL, NULL, NULL, '2017-04-29 13:09:49', '2017-04-29 13:09:49'),
('7d077d05-1997-49d0-bc63-84a8b1904e9c', 'LAS DELICIAS TAQUERIA Y PUPUSERIA FOOD TR', '8826 WASHINGTON BLVD', 'JESSUP, MD 20794', NULL, NULL, NULL, '2017-04-29 13:09:49', '2017-04-29 13:09:49'),
('11ebca2e-c0a9-4583-afec-6d2f9dcb262a', 'LAS PALMAS (ACAPULCO)', '201 MALBORO AVE SUITE C', '410-763-9060', NULL, NULL, NULL, '2017-04-29 13:09:49', '2017-04-29 13:09:49'),
('7e7e8b98-ebf4-4b9f-a8f6-0a7f158b23b1', 'LATINO GROCERY & DELI CORP.', '3248 E BALTIMORE ST.', 'BALTIMORE MD 21224', '443/882/3252', NULL, NULL, '2017-04-29 13:09:49', '2017-04-29 13:09:49'),
('6c9cd102-ce8f-4d75-ac44-6f27e8b960ef', 'LATINO MARKET GROCERY INC', '12 E DIAMOND AVE SUITE JK', 'GAITHERSBURG, MD 20877', 'TEL:410-522-0262 NO COMPRA CON NOSOTROS', 'TEL: 301-869-90', NULL, '2017-04-29 13:09:49', '2017-04-29 13:09:49'),
('0a86d903-1d7e-4bb4-b359-91039b131a0a', 'LETICIA', NULL, NULL, NULL, NULL, NULL, '2017-04-29 13:09:49', '2017-04-29 13:09:49'),
('ddd6f904-ffa5-4436-913b-d5425f72134b', 'LILY WHOLESALE INC', '600 JEFFERSON PLZ STE 100', 'ROCKVILLE, MD 20852-1150', NULL, NULL, NULL, '2017-04-29 13:09:49', '2017-04-29 13:09:49'),
('3a586a2d-20d5-4a54-88b6-1a11ab75a0ed', 'LIMAS AND MAREL', NULL, NULL, NULL, NULL, NULL, '2017-04-29 13:09:49', '2017-04-29 13:09:49'),
('3bb97928-cdb5-4dcc-91d5-22ae43687b12', 'LORENA', '2 POCONO CT APT B', 'ROSEDALE, MD 21237', NULL, NULL, NULL, '2017-04-29 13:09:49', '2017-04-29 13:09:49'),
('038bbda7-e0e0-42a3-8bf0-bd36509487cb', 'LOS PAISAS LOCOS', '11710 JEFFERSON AVE SUITE F', 'NEWPORT NEWS, VA', 'T: 757-595-8226', NULL, NULL, '2017-04-29 13:09:49', '2017-04-29 13:09:49'),
('65d72761-52f5-4107-9af0-a7a7ab7af1f7', 'LOS TACOS LOCOS', '119 YORK RD', 'HATBORO PA 19040', '215-420-7749 MONICA VAZQUEZ.', '215-420-7751, P', NULL, '2017-04-29 13:09:49', '2017-04-29 13:09:49'),
('e4593a7c-48bd-4120-993a-50ac37f394d2', 'LOTTE PLAZA', NULL, NULL, NULL, NULL, NULL, '2017-04-29 13:09:49', '2017-04-29 13:09:49'),
('3608c8c1-0a47-4251-8ce3-a754419c9980', 'LUCERO MEXICAN PRODUCTS', '5418 PATTERSON ST', 'RIVERDALE, MD 20737', 'TEL: 240-462-2862', NULL, NULL, '2017-04-29 13:09:49', '2017-04-29 13:09:49'),
('8a6185be-3054-4ff8-8977-adbfdb82885a', 'LUCKY''S QUICK MART', NULL, NULL, NULL, NULL, NULL, '2017-04-29 13:09:49', '2017-04-29 13:09:49'),
('ad21f4b5-5305-4545-b001-9339563c2343', 'LUCY LATIN MARKET', '410/298/3907', NULL, NULL, NULL, NULL, '2017-04-29 13:09:49', '2017-04-29 13:09:49'),
('9c80e266-a292-49fc-9381-815b67047c24', 'LUPITA''S GROCERY INC', '149 N QUEEN ST', 'MARTINSBURG, WV 25401', 'T: 304-260-4007', NULL, NULL, '2017-04-29 13:09:49', '2017-04-29 13:09:49'),
('750f69e6-91f2-4562-af65-6a8c72966b7c', 'LUZ FLORES', '12284 GREEN DRIVE', NULL, NULL, NULL, NULL, '2017-04-29 13:09:49', '2017-04-29 13:09:49'),
('f34bec59-0357-4db1-a7cc-b2a2c1f6d8ce', 'LUZ M. HERNANDEZ', '3736 BEL PRE RD APT 10', 'SILVER SPRING, MD 20906', NULL, NULL, NULL, '2017-04-29 13:09:49', '2017-04-29 13:09:49'),
('fd8bc3bb-4fb8-479a-b5c4-c9acfd3e5a0e', 'M & & M', NULL, NULL, NULL, NULL, NULL, '2017-04-29 13:09:49', '2017-04-29 13:09:49'),
('5106128f-3737-438b-b36b-6a6b9263c0d9', 'MAHARAJAH INDIAN STORE LLC.', '3851 SPRINGFIELD RD.', 'GLEN ALLEN, VA 23060', NULL, NULL, NULL, '2017-04-29 13:09:49', '2017-04-29 13:09:49'),
('d94508a5-33cf-448c-ad22-4e27ab645217', 'MARCO ANTONIO (BUKY)', NULL, NULL, NULL, NULL, NULL, '2017-04-29 13:09:49', '2017-04-29 13:09:49'),
('1af17278-6ac6-4bc1-a95e-07d3d37ca84c', 'MARCO ANTONIO PALESTINO GONZALEZ', NULL, NULL, NULL, NULL, NULL, '2017-04-29 13:09:49', '2017-04-29 13:09:49'),
('bda60ab5-311d-4404-8785-4ac37f5f835e', 'MARIA''S BAJAS CAFE, INC.', '7880 WASHINGTON BLVD STE C', 'ELKRIDGE, MD 21075', NULL, NULL, NULL, '2017-04-29 13:09:49', '2017-04-29 13:09:49'),
('98f55ad9-2155-4ade-8169-82eec066c4d8', 'MARTINEZ GROCERY & BAKERY', '211-A REISTERSTWON RD', 'PIKESVILLE MD 21208', '3016134629', NULL, NULL, '2017-04-29 13:09:49', '2017-04-29 13:09:49'),
('94645498-b63e-436b-9fd7-9f2d40a269ab', 'MEGA FARMS IN', NULL, NULL, NULL, NULL, NULL, '2017-04-29 13:09:49', '2017-04-29 13:09:49'),
('ef4fafc5-61d4-4674-a40d-e7d16ab8ece5', 'MEGA GATESBURG', '401 S FREDERICK AVE', 'GAITHERSBURG, MD 20877', 'TEL: (301) 330- 9223', NULL, NULL, '2017-04-29 13:09:49', '2017-04-29 13:09:49'),
('19d3577a-247d-4aa3-beb1-aeb53fe2f754', 'MEGA ROCKVILLE', '11790 PARKLAND DRIVE', 'ROCKVILLE, MD 20852', 'TEL:301-770-7400', NULL, NULL, '2017-04-29 13:09:49', '2017-04-29 13:09:49'),
('fedf6d29-808c-4c2a-bb45-c5e2e90d0557', 'MEGA SILVER SPRING', '706 UNIVERSITY BLVD. E', 'SILVER SPRING, MD 20903', '240-770-4982 Tel', '301-408-0550 Te', NULL, '2017-04-29 13:09:49', '2017-04-29 13:09:49'),
('616b5d9e-a76d-47a9-984b-40b0b01346cd', 'MEGA TIKAL', NULL, NULL, NULL, NULL, NULL, '2017-04-29 13:09:49', '2017-04-29 13:09:49'),
('beebbb32-fb42-4c03-b32c-2b25e9e64dee', 'MERCADO LOPEZ', NULL, NULL, NULL, NULL, NULL, '2017-04-29 13:09:49', '2017-04-29 13:09:49'),
('53f2cbed-a5d2-4b32-8b83-b66fa8b10d90', 'METROPOLITAN PRODUCE', '14825 ELMWOOD DR.', 'WOODBRIDGE, VA  22193-2620', NULL, NULL, NULL, '2017-04-29 13:09:49', '2017-04-29 13:09:49'),
('f8739e0e-7ca4-42c1-869f-a1835474cf76', 'MEXICAN LATIN DREAM INC.', '79 JOHN ST.', 'WESTMINISTER, MD 21157', 'Tel: 410-857-0008', 'Fax:443-499-006', 'laura19841@live.com', '2017-04-29 13:09:49', '2017-04-29 13:09:49'),
('334a1442-93c2-4e6a-a232-2333e89f80f6', 'MEXICANA SENOR DEL HUERTO', '27 OXWOOD CIR.', 'NEW OXFORD, PA 17350-1517', NULL, NULL, NULL, '2017-04-29 13:09:49', '2017-04-29 13:09:49'),
('45b40370-7d19-4bc9-854d-500b155afd1b', 'MEXICANA VAZQUEZ', NULL, NULL, NULL, NULL, NULL, '2017-04-29 13:09:49', '2017-04-29 13:09:49'),
('70d9dadd-7d31-4612-9a6a-8620bff0f72a', 'MI CASITA LATIN STORE', '4103 OLD MILFORD MILL RD,', 'PIKESVILLE, MD 21208', 'T: 443-450-3850', NULL, NULL, '2017-04-29 13:09:49', '2017-04-29 13:09:49'),
('fe12c71e-56b3-4495-a14f-ef76f4845db5', 'MI LINDO CANCUN', NULL, NULL, NULL, NULL, NULL, '2017-04-29 13:09:49', '2017-04-29 13:09:49'),
('5142c24c-3314-479f-85bd-4f7e031831e3', 'MI MEXICO GROCERY INC.', '619 PULASKI HWY', 'BEAR, DE 19701', 'TEL: 302-325-1045', NULL, NULL, '2017-04-29 13:09:49', '2017-04-29 13:09:49'),
('f4bfe108-1a4f-4ff7-a32c-a07ae3b9967f', 'MI RANCHITO GROCERY LLC', '7454 ANNAPOLIS RD', 'HYATTSVILLE, MD 20784', NULL, NULL, NULL, '2017-04-29 13:09:49', '2017-04-29 13:09:49'),
('8e003b1c-29e2-4743-9a95-a35e1cc8b780', 'MOLLY''S FRUIT', '10912 COUNTY SEAT HWY', 'LAUREL, DE 19956', '757-709-5133', NULL, 'Ruizfam56@gmail.com', '2017-04-29 13:09:49', '2017-04-29 13:09:49'),
('13ebb244-2258-4c24-990e-26f1221a0f44', 'MORAZAN COLMANOR', '4309 BLADESNBURG RD', 'COLMANOR MD 20722', 'TEL:301-779-9188', NULL, NULL, '2017-04-29 13:09:49', '2017-04-29 13:09:49'),
('05f010ce-fe45-4bd6-aa89-03b58d7b1508', 'MX RESTAURANTE COCINA', NULL, NULL, NULL, NULL, NULL, '2017-04-29 13:09:49', '2017-04-29 13:09:49'),
('32754057-c196-43ce-89d7-ae19c285caa1', 'NEATO BURRITO', 'SHAYNE EDMONDS', '209 N. 2ND ST', 'HARRISBURG, PA 17102', NULL, NULL, '2017-04-29 13:09:49', '2017-04-29 13:09:49'),
('c8ba48f4-85ad-4503-abdb-aca80b6aef0e', 'NEW GRAND MART INTERNACIONAL FOOD', '1535 UNIVERSITY BLVD', 'HYATTSVILLE MD 20783', 'PH 301-408-0880', 'FAX 2406708649', NULL, '2017-04-29 13:09:49', '2017-04-29 13:09:49'),
('7fc07e12-740c-4709-8b68-a77da0764916', 'NICOLAS GOMEZ GONZALEZ', NULL, NULL, NULL, NULL, NULL, '2017-04-29 13:09:49', '2017-04-29 13:09:49'),
('085818c7-51be-45df-bef1-a478afa0e62b', 'NUEVO AMANECER LATINO', NULL, NULL, NULL, NULL, NULL, '2017-04-29 13:09:49', '2017-04-29 13:09:49'),
('715b142b-396e-4b95-9efb-7c7dd02515bc', 'OCTAVIO PAMEX', NULL, NULL, NULL, NULL, NULL, '2017-04-29 13:09:49', '2017-04-29 13:09:49'),
('771f2be9-a80c-4bf4-a331-f268c975b1de', 'OLOCUITLA RESTAURANT', NULL, NULL, NULL, NULL, NULL, '2017-04-29 13:09:49', '2017-04-29 13:09:49'),
('16ab4d6a-fc4a-431f-ae20-1a3c51c84958', 'OMAR HERNANDEZ (LILIS)', '317 LINCOLN WAY W', 'CHAMBERSBURG, PA 17201', '717/446/5059', NULL, NULL, '2017-04-29 13:09:49', '2017-04-29 13:09:49'),
('8097bf4a-8652-4213-8d9c-51840617ec5b', 'OMNIPRESENCE MEAT IMPORT', NULL, NULL, NULL, NULL, NULL, '2017-04-29 13:09:49', '2017-04-29 13:09:49'),
('a7517b67-90b0-4d0c-a437-6159e70adcbd', 'ORTIZ &  TAPIA   FREIGH', NULL, NULL, NULL, NULL, NULL, '2017-04-29 13:09:49', '2017-04-29 13:09:49'),
('25faecad-518a-4f1c-86cb-7ff5081f6b38', 'PACIFIC COAST PRODUCE LLC', '7470 CONOWINGO AVE UNIT 53*55', 'JESSUP MD 20794', 'TEL: 202-870-7119', 'FAX: 410-799-96', NULL, '2017-04-29 13:09:49', '2017-04-29 13:09:49'),
('d5b3f014-94c0-4a97-937a-36922f84f0ad', 'PADRE ROY', NULL, NULL, NULL, NULL, NULL, '2017-04-29 13:09:49', '2017-04-29 13:09:49'),
('7f5ed8ec-f8cd-4149-852b-e852da4dc400', 'PALETERIA Y NEVERIA TOCUMBO LLC', '130 EISENHOWER DR STE D', 'HANOVER, PA 17331', NULL, NULL, NULL, '2017-04-29 13:09:49', '2017-04-29 13:09:49'),
('0e251049-16f8-4d14-9d52-532663463110', 'PANAM LANGLY PARK', NULL, NULL, NULL, NULL, NULL, '2017-04-29 13:09:49', '2017-04-29 13:09:49'),
('56b268d1-4705-4b21-b072-1331ea25054f', 'PANAM LAUREL', NULL, NULL, NULL, NULL, NULL, '2017-04-29 13:09:49', '2017-04-29 13:09:49'),
('79521b80-1c75-43ff-9a42-e7ea52efe18c', 'PARADE', NULL, NULL, NULL, NULL, NULL, '2017-04-29 13:09:49', '2017-04-29 13:09:49'),
('f9b9976f-f5c7-430d-a8ec-91da931810eb', 'PASIONES RESTAURANT & LOUNGE', '6700 GERMAN HILL RD.', 'BALTIMORE, MD 21222', NULL, NULL, NULL, '2017-04-29 13:09:49', '2017-04-29 13:09:49'),
('ba6dd1b5-2d3e-4788-88c9-063ebb4eeab3', 'PATEL BROTHERS', '6402 BALTIMORE NATIONAL PIKE, STE 180 b', 'BALTIMORE, MD 21228', NULL, NULL, NULL, '2017-04-29 13:09:49', '2017-04-29 13:09:49'),
('fbbfb528-664b-4780-8d6a-1e2d0d1a013a', 'PATY', NULL, NULL, NULL, NULL, NULL, '2017-04-29 13:09:49', '2017-04-29 13:09:49'),
('676ff1be-735c-4525-ab63-a3a87e925a4a', 'PEREZ INTERNATIONAL FOODS', NULL, NULL, NULL, NULL, NULL, '2017-04-29 13:09:49', '2017-04-29 13:09:49'),
('b4fd3ac1-5c71-431e-a8db-1a983b8e597c', 'PLAZA GARIBALDY', NULL, NULL, NULL, NULL, NULL, '2017-04-29 13:09:49', '2017-04-29 13:09:49'),
('ab176a78-3bc6-4939-b125-d77414c4d5a3', 'POPUCERIA EL SALVADOREÑO', NULL, NULL, NULL, NULL, NULL, '2017-04-29 13:09:49', '2017-04-29 13:09:49'),
('87663e38-8cca-45a7-8244-163deb8f14dd', 'QUESO JALISCO', NULL, NULL, NULL, NULL, NULL, '2017-04-29 13:09:49', '2017-04-29 13:09:49'),
('8734c4c1-8345-4067-a4b4-2a7811e5194f', 'R & C INTERNATIONAL INC.', '7460 CONOWINGO AVE. BLDG B', 'UNIT 13 JESSUP, MD 20794', NULL, NULL, NULL, '2017-04-29 13:09:49', '2017-04-29 13:09:49'),
('4767ae00-e7a0-4bce-a503-96ab934365f1', 'R & R DELI', NULL, NULL, NULL, NULL, NULL, '2017-04-29 13:09:49', '2017-04-29 13:09:49'),
('42a60f37-646f-4af3-b74a-4da4fe0e67e6', 'R & R RESTAURANT', NULL, NULL, NULL, NULL, NULL, '2017-04-29 13:09:49', '2017-04-29 13:09:49'),
('96eb1afb-d3a9-469a-8788-d844836a84b2', 'RED APPLE', NULL, NULL, NULL, NULL, NULL, '2017-04-29 13:09:49', '2017-04-29 13:09:49'),
('708a2e16-1926-4680-b7f9-da2cf68930d3', 'REGALO DE DIOS MARKET', NULL, NULL, NULL, NULL, NULL, '2017-04-29 13:09:49', '2017-04-29 13:09:49'),
('40b15102-4c55-4da5-8fab-87864ea58cc0', 'RENE PINO', NULL, NULL, NULL, NULL, NULL, '2017-04-29 13:09:49', '2017-04-29 13:09:49'),
('f1aa6425-f0f1-446d-bc68-6ed233915c2e', 'RESTAURANTE JALAPENOS', NULL, NULL, NULL, NULL, NULL, '2017-04-29 13:09:49', '2017-04-29 13:09:49'),
('fa6924af-aa65-40e9-8c89-3332d647c9fd', 'RESTAURANTE PASIONES', NULL, NULL, NULL, NULL, NULL, '2017-04-29 13:09:49', '2017-04-29 13:09:49'),
('8726a783-b7cc-48fb-acfa-6d5b9c11cdf5', 'REY VARGAS', NULL, NULL, NULL, NULL, NULL, '2017-04-29 13:09:49', '2017-04-29 13:09:49'),
('2a62e32f-3854-4562-bfa0-bc95f902ec42', 'REYES MARKET LLC', '250 ANGLAR RD STE17', 'WSTMINTER, MD 21157', NULL, NULL, NULL, '2017-04-29 13:09:49', '2017-04-29 13:09:49'),
('e81e1340-4f04-419d-9a96-47701d81c001', 'RHEE BROTHERS INC', '7461 COCA COLA DR', 'HANOVER MD 21076', 'TEL:410-381-9000', 'FAX:1410-381-49', NULL, '2017-04-29 13:09:49', '2017-04-29 13:09:49'),
('f6141387-f6f1-4e58-8f30-2e6bfba2ee7a', 'RICKY', '717-692-6277', NULL, NULL, NULL, NULL, '2017-04-29 13:09:49', '2017-04-29 13:09:49'),
('44a40c65-aee9-472f-924e-06eec1441133', 'RICO SUPERMARKET', NULL, NULL, NULL, NULL, NULL, '2017-04-29 13:09:49', '2017-04-29 13:09:49'),
('1b3673e7-3e85-40d8-96cc-634de6ad0ff1', 'RIVAS DAILY GROCERY', NULL, NULL, NULL, NULL, NULL, '2017-04-29 13:09:49', '2017-04-29 13:09:49'),
('972d8ba3-aefb-40b0-9387-57adc239eb3c', 'ROBERTO PARRA', NULL, NULL, NULL, NULL, NULL, '2017-04-29 13:09:49', '2017-04-29 13:09:49'),
('ddc4308f-f63d-4e14-bf35-3e167a8d90af', 'ROSY', '240-464-9430', 'FREE MARKET', NULL, NULL, NULL, '2017-04-29 13:09:49', '2017-04-29 13:09:49'),
('d9c2b772-fc7a-4a47-b9b9-c63593236ee2', 'RUPERTO', NULL, NULL, NULL, NULL, NULL, '2017-04-29 13:09:49', '2017-04-29 13:09:49'),
('20a5de03-9421-4a46-8d34-5d9f48bd862e', 'SABOR LATINO', '155 WILLOW DR', 'FREDERICK, DE 19946*2603', 'TEL: (302) 424- 4403', NULL, NULL, '2017-04-29 13:09:49', '2017-04-29 13:09:49'),
('2f6c2c86-090e-4d17-aa80-16d0dabcd3d3', 'SAN DOVAL STORE', NULL, NULL, NULL, NULL, NULL, '2017-04-29 13:09:49', '2017-04-29 13:09:49'),
('382ed257-62e4-446a-9169-add7ee917f7c', 'SAN JUAN PRODUCE', '5529 CORDONA ST.', 'LANHAM, MD 20706', NULL, NULL, NULL, '2017-04-29 13:09:49', '2017-04-29 13:09:49'),
('ffa5630e-64db-4a80-bead-1057e6333663', 'SANDOBAL TACO', NULL, NULL, NULL, NULL, NULL, '2017-04-29 13:09:49', '2017-04-29 13:09:49'),
('a08a1153-eaa8-4f84-85ea-ef2e082e050e', 'SANTIAGO J REYES', '221 HUTTON ST.', 'GAITHERSBURG, MD 20877-2055', 'TEL: (301) 519-3579', NULL, NULL, '2017-04-29 13:09:49', '2017-04-29 13:09:49'),
('1f726e2f-7032-44ef-b48f-3e33b46522a3', 'SEMBROS', NULL, NULL, NULL, NULL, NULL, '2017-04-29 13:09:49', '2017-04-29 13:09:49'),
('a7f45025-5386-431f-8b22-e3404d984a64', 'SEVEN STAR PRODUCE INC.', '14603 STONE CROSSING CT.', 'CENTREVILLE, VA 095281', NULL, NULL, NULL, '2017-04-29 13:09:49', '2017-04-29 13:09:49'),
('6a5cd1a8-89fa-48d4-a663-363b3b2c75ef', 'SID GOODMAN & CO INC', '7460 CONOWINGO AVE', 'BUILDING A, UNITS 2-14', 'JESSUP, MD 20794', '4107999077*fax4', NULL, '2017-04-29 13:09:49', '2017-04-29 13:09:49'),
('bf215184-2b5b-4833-8afe-964b7549a02c', 'SLIDE IN MART', '7925 CRAIN HWY', 'SOUTH GLEN BURNIE MD 21061', 'TEL; 646-5259469', NULL, NULL, '2017-04-29 13:09:49', '2017-04-29 13:09:49'),
('0f019136-ec63-4544-997e-dae441da4330', 'SPACY MART', '12715 OLD COLUMBIA PIKE', 'SILVER SPRING, MD 20904', NULL, NULL, NULL, '2017-04-29 13:09:49', '2017-04-29 13:09:49'),
('971518e2-ac75-4b6f-b355-07e17ba6ecd2', 'STEELEFISH GRILLE', '660 BOULTON ST,', 'BEL AIR, MD 21014', 'PHONE: 410, MD 838-8770', NULL, NULL, '2017-04-29 13:09:49', '2017-04-29 13:09:49'),
('6b28f55d-af5d-4361-9157-71200b476af9', 'SUDANO''S PRODUCE LLC', '7480 CONOWINGO AVE 16-28', 'JESSUP MD 20794', 'T:410-799-8224', 'F:410-799-9554', 'yosselin@sudanosproduce.com', '2017-04-29 13:09:49', '2017-04-29 13:09:49'),
('3d697b1c-5a25-4b99-a77f-a27ea29687be', 'SUITLAND MARKET', '4708 SUITLAND ROAD', 'SUITLAND MD 20746', '301*420*0812 tel', '301*420*0813 fa', NULL, '2017-04-29 13:09:49', '2017-04-29 13:09:49'),
('300facc8-ee4b-4631-a602-8ab068efdd7b', 'SUPER TIENDA LATINA', '8224 PHILADELPHIA', 'MD 21237 BALTIMORE', 'TEL:443-271-0587', 'TEL:410-780-515', NULL, '2017-04-29 13:09:49', '2017-04-29 13:09:49'),
('fc758dbb-5844-44f1-9ac1-858a2e64ae5b', 'SUPREMO', NULL, NULL, NULL, NULL, NULL, '2017-04-29 13:09:49', '2017-04-29 13:09:49'),
('1d06632e-2dde-4597-8b63-e7f5413eaa30', 'SW DEPOT', '7480 CONOWINGO AVE. 58', 'JESSUP, MD 20794', 'TEL: 410-799-4022', 'FAX: 410-799-40', NULL, '2017-04-29 13:09:49', '2017-04-29 13:09:49'),
('4b9437c2-b156-499b-a390-f2d91a1163bc', 'SWEET LAND', NULL, NULL, NULL, NULL, NULL, '2017-04-29 13:09:49', '2017-04-29 13:09:49'),
('a5894814-57f6-4f9a-8dc6-eeef3235359b', 'TACO BAR', '10003 B FIELDS RD', 'GAITHERSBURG, MD 20878', NULL, NULL, NULL, '2017-04-29 13:09:49', '2017-04-29 13:09:49'),
('44b3378c-c441-400d-8539-2f23b0504a7d', 'TACO JALISCO', NULL, NULL, NULL, NULL, NULL, '2017-04-29 13:09:49', '2017-04-29 13:09:49'),
('36dc779e-b378-4381-9dbb-9c6b74f03dd4', 'TACO LOVE GRILL INC', '11550 PHILADELPHIA RD STE 120', 'WHITE MARSH, MD 21162', 'T: 443-600-0264', NULL, NULL, '2017-04-29 13:09:49', '2017-04-29 13:09:49'),
('9ec962f8-1d03-4192-9a45-32c9c055cad9', 'TACO MEXICO', NULL, NULL, NULL, NULL, NULL, '2017-04-29 13:09:49', '2017-04-29 13:09:49'),
('7be630df-7b94-4cbd-8f8c-3422d6a54e40', 'TACO SANDOBAL', '10303 MOUNTAIN RD.', 'GRANTVILLE, PA 17028', NULL, NULL, NULL, '2017-04-29 13:09:49', '2017-04-29 13:09:49'),
('1ffcddab-c24e-4b88-84b7-bf8f26c2d840', 'TACO SHOP', '2810 PAXTON ST. F', 'HARRISBURG, PA 17111-1015', 'TEL: (717) 561-1100', NULL, 'tacoshopharrisburg.com', '2017-04-29 13:09:49', '2017-04-29 13:09:49'),
('86604cf8-dd48-4bcd-b33d-7bededa4c987', 'TACOS 5 DE MAYO LLC', '7201 ANNAPOLIS RD', 'LANDOVER HILLS MD 20784', 'T: 301-306-2074', NULL, NULL, '2017-04-29 13:09:49', '2017-04-29 13:09:49'),
('7ea2c931-c2e4-49b1-a7ae-aafecfd1e4ad', 'TACOS DONA MARY', NULL, NULL, NULL, NULL, NULL, '2017-04-29 13:09:49', '2017-04-29 13:09:49'),
('0681afcf-09b4-4bc9-afa0-49f9c98d5639', 'TACOS LOCOS', '119 SOUTH YORK ROAD', 'HATBORO, PA 19040', NULL, NULL, NULL, '2017-04-29 13:09:49', '2017-04-29 13:09:49'),
('b3cb75a8-d3a7-4d90-bb64-7fd0557903c4', 'TACOS MI BARCA', NULL, NULL, NULL, NULL, NULL, '2017-04-29 13:09:49', '2017-04-29 13:09:49'),
('e39cf48d-2869-4333-9e70-ac243023e227', 'TACOS TIJUANAS', NULL, NULL, NULL, NULL, NULL, '2017-04-29 13:09:49', '2017-04-29 13:09:49'),
('399fb462-d5ed-43e0-a0c6-5784aeae4599', 'TACOS Y TORTAS', '43 E Walnut St', 'Hanover, PA 17331', 'T: 717-646-8222', NULL, NULL, '2017-04-29 13:09:49', '2017-04-29 13:09:49'),
('879a16fa-448c-43e3-9cd2-937d8f6fa2b6', 'TAQUERIA  AGUILA', NULL, NULL, NULL, NULL, NULL, '2017-04-29 13:09:49', '2017-04-29 13:09:49'),
('196f4691-217d-4204-b1d0-d618b66e4dae', 'TAQUERIA JIMENEZ', '810 OLEY STREET', 'READING, PA 19604', NULL, NULL, NULL, '2017-04-29 13:09:49', '2017-04-29 13:09:49'),
('393f7984-6017-4b4d-b4b9-8e071adf96e0', 'TAQUERIA JUQUILITA', '126 HILLSMERE DR.', 'ANNAPOLIS, MD 21403', 'TEL: (410) 280-0045', NULL, NULL, '2017-04-29 13:09:49', '2017-04-29 13:09:49'),
('0a536cb5-a26a-44a7-9048-961b42f7a8de', 'THE AGAVE GRILL', '2134 FOREST DR', 'ANNAPOLIS, MD 21401', 'T: 410-571-0500', NULL, NULL, '2017-04-29 13:09:49', '2017-04-29 13:09:49'),
('03570d53-a3fb-4628-86ce-6957ed911747', 'THE BROTHERS PRODUCE INC', '1260 5TH ST NE', 'WASHINGTON, DC 20002', NULL, NULL, NULL, '2017-04-29 13:09:49', '2017-04-29 13:09:49'),
('25c31944-3fa6-4498-9737-5dfa76db280c', 'THE LEON CONTRY', '114 HENDERSON RD', 'HENDERSON, MD 21640', 'TEL:302-331-7584', NULL, NULL, '2017-04-29 13:09:49', '2017-04-29 13:09:49'),
('05d61626-fc21-4c23-bd1d-a43003c9a3a9', 'THE MEXICAN GRILL', NULL, NULL, NULL, NULL, NULL, '2017-04-29 13:09:49', '2017-04-29 13:09:49'),
('5846b6de-91a2-4eea-939d-011f50e25167', 'THE PICANTILLO LLC', '4590 MOUNTAIN RD', 'PASADENA, MD 21122', NULL, NULL, NULL, '2017-04-29 13:09:49', '2017-04-29 13:09:49'),
('6f586917-6c62-4999-8ffa-624b85489795', 'TIENDA  LOS JASMINES', NULL, NULL, NULL, NULL, NULL, '2017-04-29 13:09:49', '2017-04-29 13:09:49'),
('e7b1946b-264e-4b31-9b0a-50b8eb1eaa66', 'TIENDA LA ESTRELLA', NULL, NULL, NULL, NULL, NULL, '2017-04-29 13:09:49', '2017-04-29 13:09:49'),
('5170d169-9b07-42e0-af24-931f4a5dc659', 'TONY VITRANO', 'P.O. BOX 2001', 'JESSUP, MD 20794', 'TEL: 443-436-0530', NULL, NULL, '2017-04-29 13:09:49', '2017-04-29 13:09:49'),
('8a69a0eb-88b0-426f-b488-76ffb4333d70', 'TOP NOTCH INC.', '10120 HEREFORD PLACE', 'SILVER SPRING, MD 20901', 'TEL: 240-304-9337', 'FAX: 1301-681-6', NULL, '2017-04-29 13:09:49', '2017-04-29 13:09:49'),
('005ae01e-e78b-45bc-a322-c57de1a756cb', 'TORTILLERIA  AZTECA', NULL, NULL, NULL, NULL, NULL, '2017-04-29 13:09:49', '2017-04-29 13:09:49'),
('85eb13a4-c2d2-4420-9140-3ae869662c97', 'TRES HERMANOS', '712 SOUTH CAMERON ST', 'HARRISBURG PA 17104', '(717) 233-1711', NULL, NULL, '2017-04-29 13:09:49', '2017-04-29 13:09:49'),
('1bc9393e-4985-4022-a850-0cee977a2d07', 'UNITED LATIN MARKET', '7511 MIDLOTHIAN TPKE', 'NORTH CHESTERFIELD, VA', '23225 TEL: 804-551-5483', 'FAX: 804-864-26', NULL, '2017-04-29 13:09:49', '2017-04-29 13:09:49'),
('ea0809fd-3128-49e1-bcb7-375c1750a56b', 'UNITED PRODUCE', NULL, NULL, NULL, NULL, NULL, '2017-04-29 13:09:49', '2017-04-29 13:09:49'),
('6cc5c021-ba98-4bb0-8b7a-8bcd2d07b50f', 'UNIVERSAL', NULL, NULL, NULL, NULL, NULL, '2017-04-29 13:09:49', '2017-04-29 13:09:49'),
('c395778a-3e59-4976-beb1-0a7b04c7068a', 'VALENTINA', '2050 BALTIMORE PIKE', 'HANOVER, PA 17331', 'TEL: 717-339-9514', NULL, NULL, '2017-04-29 13:09:49', '2017-04-29 13:09:49'),
('48673313-a585-4694-be9b-48ea4a57b9bc', 'WING HANG', NULL, NULL, NULL, NULL, NULL, '2017-04-29 13:09:49', '2017-04-29 13:09:49'),
('89e198e3-edb7-4c68-9565-8c1ba028c059', 'YEMEN ARABIAN RESTAURANT', NULL, NULL, NULL, NULL, NULL, '2017-04-29 13:09:49', '2017-04-29 13:09:49'),
('f8d2be53-58af-4391-a7e1-09a588af90b9', 'ENVIOS EXPRESS', '5400 ANNAPOLIS RD', 'TEL: 240-304-7312', NULL, NULL, NULL, '2017-04-29 13:09:49', '2017-04-29 13:09:49'),
('61a7dbb7-b849-46d2-abda-563a6608ef4a', 'LA PREFERIDA', 'HECTOR H SALGUERO', '101 MARLBORO AVE STE 25', 'EASTON MD 21061', 'TEL:410-310-114', NULL, '2017-04-29 13:09:49', '2017-04-29 13:09:49'),
('42193e43-c5e0-4ed8-9a68-f04bee8ebd42', 'TRES HERMANOS MEXICAN GRILL', '79 EAST MAIN ST', 'MOUNT JOY, PA 17552', NULL, NULL, NULL, '2017-04-29 13:09:49', '2017-04-29 13:09:49'),
('1ffcd13f-cb72-460b-b573-0d4e6ca8bba8', 'DAILY GROCERY', NULL, NULL, NULL, NULL, NULL, '2017-04-29 13:09:49', '2017-04-29 13:09:49'),
('a1952060-1b2a-4e11-b2dd-d7a790779d8d', 'TACOS LA BARCA', '1325 1/2 DERRY ST 1ST FLOOR', 'HARRISBURG, PA 17104', NULL, NULL, NULL, '2017-04-29 13:09:49', '2017-04-29 13:09:49'),
('95615199-6859-485b-a62d-29c8c17705d1', 'EL PUEBLITO MEXICAN STORE', '1027 DILLERVILLE RD', 'LANCASTER, PA 17603', 'PHONE: 717-393-9411', 'FAX(DRIVER): 71', NULL, '2017-04-29 13:09:49', '2017-04-29 13:09:49'),
('86a151c3-63a7-4320-852f-f656bbe90705', 'EL RINCON MEXICAN STORE', '209 LINCOLN  WAY  EAST', 'NEW OXFORD, PA 17350', 'TEL:717-624-3505', 'FAX: 717-624-35', NULL, '2017-04-29 13:09:49', '2017-04-29 13:09:49'),
('bfaf11e7-f874-40ca-879f-a6609a4ed76d', 'ALEJANDRA LOPEZ', '1022 WART ST.', 'LAUREL, MD 20707', 'PHONE: 240 480 04 02', NULL, NULL, '2017-04-29 13:09:49', '2017-04-29 13:09:49'),
('9f0d7a70-d0b1-4927-b3fa-2b08d77f5674', 'EL RODEO RIVERDALE', '4932 ANNAPOLIS RD', 'BLANDENSBURG MD 20710', '240-615-8965', 'NORMA:301-536-5', NULL, '2017-04-29 13:09:49', '2017-04-29 13:09:49'),
('4022df4e-7a3a-4d6b-adf1-83ffbf871285', 'TACOS MI TIERRA', '1416 DERRY STREET', 'HARRISBURG 17104', 'TEL: 717-233-3940', NULL, NULL, '2017-04-29 13:09:49', '2017-04-29 13:09:49'),
('c16f9506-fbf4-435d-a92f-f74d50e7d91e', 'TMC PRODUCE', '7460 CONOWINGO AVE,', 'UNIT 69 & 71', 'JESSUP, MD 20794', NULL, NULL, '2017-04-29 13:09:49', '2017-04-29 13:09:49'),
('95f97ee6-4549-4455-aad5-512be4f6126a', 'NUEVO RINCON LATINO', '3336 BROAD ROCK BLVD', 'RICHMOND, VA', NULL, NULL, NULL, '2017-04-29 13:09:49', '2017-04-29 13:09:49'),
('95606c17-1ee9-448f-bd72-3e3ad8557c96', 'EL REY DE OROS', '112 W MORELAND AVE,', ' HATBORO, PA 19040', '(215) 791-1987', NULL, NULL, '2017-04-29 13:09:49', '2017-04-29 13:09:49'),
('e1303f22-7cee-4cbd-839f-c19e731d3bf1', 'MORELIA MEXICAN STORE', '11 SOUTH MAIN ST,', 'BIGLERVILLE, PA 17307', NULL, NULL, NULL, '2017-04-29 13:09:49', '2017-04-29 13:09:49'),
('8ad7c43c-a835-4ca1-9d19-3437deaa48e6', 'TACOS TIJUANA EDGEWOOD', '1709 EDGEWOOD RD, SUITE P', 'EDGEWOOD, MARYLAND 21040', '410-676-2598', '443-910-2424 te', NULL, '2017-04-29 13:09:49', '2017-04-29 13:09:49'),
('f6fbe362-a983-408c-b582-22dfcfcd6e24', 'EL AGAVE MINI MARKET LLC', '130 EISENHOWER DR STE B-2', 'HANOVER, PA 17331', 'PHONE: 7171-632-2626', 'FAX-EMAIL: 717-', 'elagave@hotmail.com', '2017-04-29 13:09:49', '2017-04-29 13:09:49'),
('c6cd3b9d-b536-433e-a4b6-94c662ec4b62', 'LUA''S MEXICAN STORE', '144 MAIN ST', 'YORK SPRINGS, PA 17372', 'TEL: 717-528-7047', NULL, NULL, '2017-04-29 13:09:49', '2017-04-29 13:09:49'),
('30733e73-2e0f-471b-aa10-74bfc15f29c1', 'EL TORITO MEX LLC.', 'EDWIN DONALDO AMAYA', '1719 WHITEHEAD RD', 'GWYNN OAK, MD 21207', NULL, NULL, '2017-04-29 13:09:49', '2017-04-29 13:09:49'),
('ad823e89-fb93-403a-ae8f-994915aee0cc', 'EL POTRERO', '4932 ANNAPOLIS RD', 'BLADENSBURG MD 20710', 'TEL: 240-770-7533', 'TEL: 240-605-22', NULL, '2017-04-29 13:09:49', '2017-04-29 13:09:49'),
('61170987-028d-45c4-a90d-aada93afdc3b', 'LAURIOL PLAZA', '1835 18TH ST NW', 'DUPONT CIRCLE', ' WASHINGTON, DC 20009 PAGOS:202-362-0776', 'T:202-387-0035 ', 'luisreyes@verizon.net', '2017-04-29 13:09:49', '2017-04-29 13:09:49'),
('8b56ae79-e6f0-4e25-a5a2-53ccec7b05ee', '5 DE MAYO CONVENIENCE STORE & DELI', NULL, NULL, NULL, NULL, NULL, '2017-04-29 13:09:49', '2017-04-29 13:09:49'),
('0b20c4e5-e147-445b-864b-e59f24a69f7d', 'DIANA GROCERY', '1400 PERKIOMEN AVE.', 'READING, PA 19602', '610-685-8900', NULL, NULL, '2017-04-29 13:09:49', '2017-04-29 13:09:49'),
('c42b7d8b-e56e-49aa-bcb7-9b1e4f553d25', 'GRAND MART VIRGINIA BEACH', '649 NEWTOWN RD STE 105', 'VIRGINIA BEACH VA 23462', 'T : (757)-456-9184', 'F:   757-490-79', NULL, '2017-04-29 13:09:49', '2017-04-29 13:09:49'),
('2d472184-0617-432e-958e-69f109c505f5', 'CABANAS RESTAURANT', NULL, NULL, NULL, NULL, NULL, '2017-04-29 13:09:49', '2017-04-29 13:09:49'),
('ef3a0885-388f-41ef-ade6-b7a41ab79066', 'MARIAS  GROCERY', NULL, NULL, NULL, NULL, NULL, '2017-04-29 13:09:49', '2017-04-29 13:09:49'),
('579b8545-3656-480f-bd08-62afdf96de4f', 'BRITO LATIN MARKET INC.', '2015 LORD BALTIMORE DR.', 'WINDSOR MILL, MD 21244', 'PHONE: (410) 645-8262', 'FAX: 443-200-37', NULL, '2017-04-29 13:09:49', '2017-04-29 13:09:49'),
('71125739-c804-4276-aa5d-9c09cef3aa56', 'MAMA JUANA', NULL, NULL, NULL, NULL, NULL, '2017-04-29 13:09:49', '2017-04-29 13:09:49'),
('1fdcb764-8514-45fa-b418-0551a21da81a', 'ALMA', NULL, NULL, NULL, NULL, NULL, '2017-04-29 13:09:49', '2017-04-29 13:09:49'),
('1ee5719c-fe19-4432-9670-978d38d3717f', 'EL POBLANO MEXICAN RESTAURANT INC', '497 RITCHIE HWY STE 2D', 'SEVERNA PARK MD 21146', NULL, NULL, NULL, '2017-04-29 13:09:49', '2017-04-29 13:09:49'),
('459d0248-9f75-4160-8f57-d7a4c9584741', 'EMART', '13276 WARWICK BLVD', 'NEWPORT NEWS VA 23602', 'T: (757) 833-0727', 'FAX: 757-833-07', NULL, '2017-04-29 13:09:49', '2017-04-29 13:09:49'),
('6dbd23ec-ac57-4462-a978-e6ff43eccce4', 'EL GRAN AMANCER', '9645 JEFFERSON DAVIS', 'RICHMOND, VA 23237', NULL, NULL, NULL, '2017-04-29 13:09:49', '2017-04-29 13:09:49'),
('c745bfa8-d6b5-4738-accb-58782b1220dc', 'M & M PRODUCE', '7037 LIBERTY RD', 'GWYNN OAK, MD 21207', 'T: 410-265-5166', NULL, NULL, '2017-04-29 13:09:49', '2017-04-29 13:09:49'),
('12a925fa-efc4-4167-b0b4-abe5aca54f95', 'EL MIGUELENOS RESTAURANT', '7401 LIBERTY RD.', 'GWYNN OAK, MD 21207', '410-645-8237', NULL, NULL, '2017-04-29 13:09:49', '2017-04-29 13:09:49'),
('b89f7ea5-ab18-427f-8603-f3ac36649d3c', 'MERCADITO RAMOS', NULL, NULL, NULL, NULL, NULL, '2017-04-29 13:09:49', '2017-04-29 13:09:49'),
('b6a263e8-b603-4c21-a73a-a863c0f2ae73', 'LA MEXICANA', '255 E. COUNTY LINE RD.', 'HATBORO ,PA 19040', 'LAMEXICANA255@AOL.COM', '215-443-0560', NULL, '2017-04-29 13:09:49', '2017-04-29 13:09:49'),
('541c36c5-b673-43e2-8ec6-a94b40763647', 'MEGA  ALEXANDRIA', NULL, NULL, NULL, NULL, NULL, '2017-04-29 13:09:49', '2017-04-29 13:09:49'),
('8d0fb391-1b4d-421b-913f-213fff676aab', 'TIENDA KARINA MEAT', '4704 SUITLAND RD', 'SUITLAND, MD 20746', 'TEL: 301-420-9003', NULL, NULL, '2017-04-29 13:09:49', '2017-04-29 13:09:49'),
('88d38286-96d6-449c-90b1-1c1d703fc625', 'LA SIERRA', '58 CHURCH ST', 'SELBYVILLE, DE 19975', '(302) 436-4446 Oscar', NULL, NULL, '2017-04-29 13:09:49', '2017-04-29 13:09:49'),
('90ddc059-be64-47ba-a238-58ff73caea65', 'LA FAVORITA BALTIMORE', '540 CRANBROOK RD', 'COCKEYSVILLE, MD 21030', NULL, NULL, NULL, '2017-04-29 13:09:49', '2017-04-29 13:09:49'),
('94a094dd-3517-40c5-82fa-339c0b9f8d57', 'TIENDA LATINA GARDENIA', '429 S CONKLING ST', 'BALTIMORE, MD 21224', 'T: (410) 617-8575', 'TEL: 443-413-76', NULL, '2017-04-29 13:09:49', '2017-04-29 13:09:49'),
('cd116b08-02c1-4e42-8e10-b43045902d68', 'POBLANO MEXICAN GRILL', '882 PARK AVE', 'BALTIMORE, MD 21201', '410-244-8818', NULL, NULL, '2017-04-29 13:09:49', '2017-04-29 13:09:49'),
('7752dc88-9e28-44ac-8b55-11500a9afc27', 'FRESCO GROCERY', '93 PENSILVANIA   AVE', 'AVONDALE PA 19311', NULL, NULL, NULL, '2017-04-29 13:09:49', '2017-04-29 13:09:49'),
('17fac0fa-0be0-4758-8d0e-0f9e112e048e', 'BB LATINO SUPERMARKET', '4321 KENILWORTH AVE', 'BLADENSBURG, MD 20710', 'PHONE: 240-495-4995', NULL, NULL, '2017-04-29 13:09:49', '2017-04-29 13:09:49'),
('10e28bd6-9fae-4517-9fe3-8e89cfae850e', 'FRUVER PRODUCE', '14127 CASTLE BLVD APT 102', 'SILVER SPRING,MD 20904', 'TEL: 240-535-4124', NULL, NULL, '2017-04-29 13:09:49', '2017-04-29 13:09:49'),
('e7201f92-e53e-4270-9749-829a401bc0c9', 'PLAZA MARKET', NULL, NULL, NULL, NULL, NULL, '2017-04-29 13:09:49', '2017-04-29 13:09:49'),
('203613b4-8930-4ec4-af81-cb33bade0ce3', 'LA BENDICION MARKET II', NULL, NULL, NULL, NULL, NULL, '2017-04-29 13:09:49', '2017-04-29 13:09:49'),
('61b5288f-53a6-4418-85f3-95bbaed60143', 'LOS PORTALES INC', '6938 AVIATION BLVD STE D-E', 'GLEN BURNIE, MD 21061', 'T: 410-766-9800', NULL, NULL, '2017-04-29 13:09:49', '2017-04-29 13:09:49'),
('3d47f533-a57a-4e92-b24f-8d7c71196ced', 'EL SALTO 2 INC', '8816 WALTHAM WOODS ROAD', 'PARKVILLE, MD 21234', 'TEL: 410-668-3980', NULL, NULL, '2017-04-29 13:09:49', '2017-04-29 13:09:49'),
('1fb31f31-b642-4653-a9b5-8e3fc05cc8ba', 'MORAZAN GROCERY, INC II', '32 N SUMMIT AVE #2', 'GATHERSBURG, MD 20877', NULL, NULL, NULL, '2017-04-29 13:09:49', '2017-04-29 13:09:49'),
('24bce8df-a7f3-49dd-83bd-96f12891777b', 'AMANECER LATINO INC', '5301 MIDLOTHIAN TURNPIKE', 'RICHMOND VA 23224', 'TEL: 804-232-1775', 'FAX:804-232-200', NULL, '2017-04-29 13:09:49', '2017-04-29 13:09:49'),
('dcbdd1f8-27e1-42dc-8443-7644838ae0b1', 'BLAS SUPER MARKET', '1701 CRAIN HWY S', 'GLEN BURNIE MD 21061', 'TEL: 240-502-7632', 'TEL: 410-768-78', NULL, '2017-04-29 13:09:49', '2017-04-29 13:09:49'),
('e909879a-3a95-4c86-bff3-ea478728402d', 'HAMILTON PRODUCE', 'TEL:301-807-6838', NULL, NULL, NULL, NULL, '2017-04-29 13:09:49', '2017-04-29 13:09:49'),
('226c3214-be18-45a4-b0f3-aae86549f309', 'G MART BALTIMORE', '3800 E LOMBARD ST', 'BALTIMORE, MD 21224', 'TEL: 443-873-8808', 'FAX: 443-873-88', NULL, '2017-04-29 13:09:49', '2017-04-29 13:09:49'),
('25f7cd5a-e783-4cda-ae35-65b5dc8f0335', 'LA FERIA LATINA', '3842 MOUNT VERNON AVE', 'ALEXANDRIA, VA 22305', 'T: 703-624-1480', NULL, NULL, '2017-04-29 13:09:49', '2017-04-29 13:09:49'),
('935745f6-8e01-4336-9ce4-146d692ab228', 'EL GALLITO  III', '216 N FRONT ST.', 'STEELTON, PA  17113', 'TEL: (717) 982-6757', '(EMAIL S)', 'eternity_8006@icloud.com', '2017-04-29 13:09:49', '2017-04-29 13:09:49'),
('06c28ed1-2fa4-4bc4-8078-93132b97cef2', 'AMANECER LATINO 4', '9301 QUIOCCASIN RD', 'HENRICO, VA 23229', NULL, NULL, NULL, '2017-04-29 13:09:49', '2017-04-29 13:09:49'),
('6431944f-fe21-4a61-944f-bc94efb2fef9', 'DY IMPORT CO INC.', '300 CHUBB AVENUE', 'LYNDHURST, NJ 07071', NULL, NULL, 'kbsunwoo@hmart.com', '2017-04-29 13:09:49', '2017-04-29 13:09:49'),
('3e9e0408-d839-48b3-9502-0d48d184ec55', 'GRAND VILLAGE LANDOVER HILLS INC', '4600 COOPER LANE', 'LANDOVER HILLS, MD 20784', NULL, NULL, NULL, '2017-04-29 13:09:49', '2017-04-29 13:09:49'),
('8b6f9e08-61ea-400c-a728-b96a56ffb96b', 'IDALIA STORE', '4600 COOPER LANE', 'LANDOVER HILLS, MD 20784', NULL, NULL, NULL, '2017-04-29 13:14:42', '2017-04-29 13:14:42');

-- --------------------------------------------------------

--
-- Estructura de tabla para la tabla `deliveries`
--

CREATE TABLE IF NOT EXISTS `deliveries` (
  `deliveryGuid` varchar(64) NOT NULL,
  `OrderFolio` int(11) NOT NULL,
  `deliveryDate` datetime NOT NULL DEFAULT CURRENT_TIMESTAMP,
  `rollGUID` int(11) NOT NULL,
  `statusID` varchar(64) NOT NULL,
  `assignedBy` varchar(64) NOT NULL,
  `recordCreated` datetime NOT NULL DEFAULT CURRENT_TIMESTAMP,
  `recordLastModified` datetime NOT NULL DEFAULT CURRENT_TIMESTAMP
) ENGINE=MyISAM DEFAULT CHARSET=latin1;

-- --------------------------------------------------------

--
-- Estructura de tabla para la tabla `inventory`
--

CREATE TABLE IF NOT EXISTS `inventory` (
  `productGuid` varchar(64) NOT NULL,
  `lotNum` int(11) NOT NULL,
  `Inv_Qty` decimal(10,0) NOT NULL,
  `price` decimal(10,0) NOT NULL,
  `UserGUID` varchar(64) NOT NULL,
  `recordCreated` datetime NOT NULL DEFAULT CURRENT_TIMESTAMP,
  `recordLastModified` datetime NOT NULL DEFAULT CURRENT_TIMESTAMP
) ENGINE=MyISAM DEFAULT CHARSET=latin1;

--
-- Volcado de datos para la tabla `inventory`
--

INSERT INTO `inventory` (`productGuid`, `lotNum`, `Inv_Qty`, `price`, `UserGUID`, `recordCreated`, `recordLastModified`) VALUES
('39BEB835-C6E7-413E-810A-F4D6C7FAE2A6', 260, '10', '16', '	\r\n96E407F6-BEC1-402E-8173-3FD298EF7A28', '2017-05-22 11:27:48', '2017-05-22 11:27:48'),
('39BEB835-C6E7-413E-810A-F4D6C7FAE2A6', 261, '15', '17', '96E407F6-BEC1-402E-8173-3FD298EF7A28', '2017-05-22 11:54:43', '2017-05-22 11:54:43'),
('B6C265B1-8653-4188-B61A-966F34E87E4D', 261, '2', '34', '96E407F6-BEC1-402E-8173-3FD298EF7A28', '2017-05-22 12:50:11', '2017-05-22 12:50:11'),
('5955d9eaa0622', 200, '80', '15', '96E407F6-BEC1-402E-8173-3FD298EF7A28', '2017-07-11 01:59:07', '2017-07-11 01:59:07'),
('5955df71b2295', 200, '0', '0', '823857a4-d50a-443e-a765-00d3d117abfc', '2017-07-10 00:00:00', '2017-07-11 02:39:20');

-- --------------------------------------------------------

--
-- Estructura de tabla para la tabla `orders`
--

CREATE TABLE IF NOT EXISTS `orders` (
  `OrderGUID` varchar(64) NOT NULL,
  `OrderFolio` int(11) NOT NULL,
  `ProductGUID` varchar(64) NOT NULL,
  `ProductName` varchar(64) NOT NULL,
  `Index` int(11) NOT NULL,
  `Comments` varchar(32) NOT NULL,
  `LotNum` int(11) NOT NULL DEFAULT '0',
  `CheckVerified` tinyint(1) NOT NULL,
  `CustomerGUID` varchar(64) NOT NULL,
  `CustomerName` varchar(64) NOT NULL,
  `IsDelivered` varchar(5) NOT NULL DEFAULT 'YES',
  `UserGUID` varchar(64) NOT NULL,
  `UserName` varchar(32) NOT NULL,
  `Quantity` float NOT NULL,
  `UnitPrice` float(10,2) NOT NULL,
  `OrderDate` datetime NOT NULL,
  `RecordCreated` datetime NOT NULL DEFAULT CURRENT_TIMESTAMP,
  `RecordLastModified` datetime NOT NULL DEFAULT CURRENT_TIMESTAMP,
  `UpdatedGUID` varchar(32) NOT NULL,
  `UpdatedUser` varchar(32) NOT NULL,
  `DriverName` varchar(32) NOT NULL,
  `Route` varchar(32) NOT NULL
) ENGINE=InnoDB DEFAULT CHARSET=latin1;

--
-- Volcado de datos para la tabla `orders`
--

INSERT INTO `orders` (`OrderGUID`, `OrderFolio`, `ProductGUID`, `ProductName`, `Index`, `Comments`, `LotNum`, `CheckVerified`, `CustomerGUID`, `CustomerName`, `IsDelivered`, `UserGUID`, `UserName`, `Quantity`, `UnitPrice`, `OrderDate`, `RecordCreated`, `RecordLastModified`, `UpdatedGUID`, `UpdatedUser`, `DriverName`, `Route`) VALUES
('16623595d9fb4d362f0.83849411', 9, '5955defe33dce', 'TORTILLA  MILAGRO ', 10, '', 100, 1, 'eb85c229-dd7a-4f88-bd2f-14599f1fd794', 'SUPER 24 LATINO', 'YES', '823857a4-d50a-443e-a765-00d3d117abfc\r\n', 'Idalia Reyes', 2, 20.00, '2017-07-05 00:00:00', '2017-07-05 22:25:56', '2017-07-05 22:25:56', '823857a4-d50a-443e-a765-00d3d117', 'Idalia Reyes', 'Juan Carlos', ''),
('9949595da443bfd6c5.52524778', 10, '5955df71b2295', 'WHITE CORN', 3, '', 100, 1, '4ccc36c4-8784-4ad3-bd23-87082c475dca', 'CERRITOS RESTAURANT', 'YES', '823857a4-d50a-443e-a765-00d3d117abfc\r\n', 'Idalia Reyes', 1, 15.00, '2017-07-05 00:00:00', '2017-07-05 22:45:23', '2017-07-05 22:45:23', '823857a4-d50a-443e-a765-00d3d117', 'Idalia Reyes', '', 'Local'),
('9949595da443bfd6c5.52524778', 10, '5955decf0f345', 'TOMATO PLUM 25LB', 4, '', 0, 0, '4ccc36c4-8784-4ad3-bd23-87082c475dca', 'CERRITOS RESTAURANT', 'YES', '823857a4-d50a-443e-a765-00d3d117abfc\r\n', 'Idalia Reyes', 2, 24.00, '2017-07-05 00:00:00', '2017-07-05 22:45:23', '2017-07-05 22:45:23', '', '', '', 'Local'),
('4690595da495129a87.75956725', 11, '5955dd7f4f386', 'PIPIAN 25LB', 1, '', 0, 1, 'b4737c94-70cd-4b7e-91b5-deb2e6faf86a', 'CESAR PRODUCE', 'YES', '823857a4-d50a-443e-a765-00d3d117abfc\r\n', 'Idalia Reyes', 8, 14.00, '2017-07-05 00:00:00', '2017-07-05 22:46:45', '2017-07-05 22:46:45', '823857a4-d50a-443e-a765-00d3d117', 'Idalia Reyes', 'Roberto', ''),
('10236595da616506474.12045554', 12, '5955dec93ff90', 'TOMATO 5X6 ', 2, '', 0, 0, 'fe12c71e-56b3-4495-a14f-ef76f4845db5', 'MI LINDO CANCUN', 'YES', '823857a4-d50a-443e-a765-00d3d117abfc\r\n', 'Idalia Reyes', 1, 10.00, '2017-07-05 00:00:00', '2017-07-05 22:53:10', '2017-07-05 22:53:10', '', '', '', 'Local'),
('10236595da616506474.12045554', 12, '5955dfb4538e0', 'YELLOW CORN', 3, '', 0, 0, 'fe12c71e-56b3-4495-a14f-ef76f4845db5', 'MI LINDO CANCUN', 'YES', '823857a4-d50a-443e-a765-00d3d117abfc\r\n', 'Idalia Reyes', 4, 14.00, '2017-07-05 00:00:00', '2017-07-05 22:53:10', '2017-07-05 22:53:10', '', '', '', 'Local'),
('10236595da616506474.12045554', 12, '5955d9706b525', 'BABY MANGO', 4, '', 0, 0, 'fe12c71e-56b3-4495-a14f-ef76f4845db5', 'MI LINDO CANCUN', 'YES', '823857a4-d50a-443e-a765-00d3d117abfc\r\n', 'Idalia Reyes', 1, 100.00, '2017-07-05 00:00:00', '2017-07-05 22:53:10', '2017-07-05 22:53:10', '', '', '', 'Local'),
('31011595da731906775.97151691', 13, '5955df71b2295', 'WHITE CORN', 6, '', 100, 1, '4ccc36c4-8784-4ad3-bd23-87082c475dca', 'CERRITOS RESTAURANT', 'YES', '823857a4-d50a-443e-a765-00d3d117abfc\r\n', 'Idalia Reyes', 1, 10.00, '2017-07-05 00:00:00', '2017-07-05 22:57:53', '2017-07-05 22:57:53', '823857a4-d50a-443e-a765-00d3d117', 'Idalia Reyes', '', 'Pensilvania'),
('31011595da731906775.97151691', 13, '5955da1415fe1', 'CANTALOUPE 12CT', 7, '', 0, 0, '4ccc36c4-8784-4ad3-bd23-87082c475dca', 'CERRITOS RESTAURANT', 'NO', '823857a4-d50a-443e-a765-00d3d117abfc\r\n', 'Idalia Reyes', 2, 12.00, '2017-07-05 00:00:00', '2017-07-05 22:57:53', '2017-07-05 22:57:53', '823857a4-d50a-443e-a765-00d3d117', 'Idalia Reyes', '', ''),
('31011595da731906775.97151691', 13, '5955de0e4187d', 'RED JALAPENO 35LB', 8, '', 100, 1, '4ccc36c4-8784-4ad3-bd23-87082c475dca', 'CERRITOS RESTAURANT', 'YES', '823857a4-d50a-443e-a765-00d3d117abfc\r\n', 'Idalia Reyes', 4, 15.00, '2017-07-05 00:00:00', '2017-07-05 22:57:53', '2017-07-05 22:57:53', '823857a4-d50a-443e-a765-00d3d117', 'Idalia Reyes', '', 'Pensilvania'),
('28192595da775a86d78.07575067', 14, '5955dbe32040e', 'MANGO ATAULFO', 1, '', 100, 1, '8beada26-61df-4677-ac29-7824104b4754', 'TIENDA EMMANUEL', 'YES', '823857a4-d50a-443e-a765-00d3d117abfc\r\n', 'Idalia Reyes', 5, 14.00, '2017-07-05 00:00:00', '2017-07-05 22:59:01', '2017-07-05 22:59:01', '823857a4-d50a-443e-a765-00d3d117', 'Idalia Reyes', '', 'Pensilvania'),
('32389595da8096ca521.06402420', 15, '5955dad950589', 'GREEN APPLE', 1, '', 0, 0, 'fe12c71e-56b3-4495-a14f-ef76f4845db5', 'MI LINDO CANCUN', 'NO', '823857a4-d50a-443e-a765-00d3d117abfc\r\n', 'Idalia Reyes', 4, 30.00, '2017-07-05 00:00:00', '2017-07-05 23:01:29', '2017-07-05 23:01:29', '', '', '', ''),
('32389595da8096ca521.06402420', 15, '5955df602e349', 'WATERMELON 36CT', 2, '', 100, 1, 'fe12c71e-56b3-4495-a14f-ef76f4845db5', 'MI LINDO CANCUN', 'YES', '823857a4-d50a-443e-a765-00d3d117abfc\r\n', 'Idalia Reyes', 3, 6.00, '2017-07-05 00:00:00', '2017-07-05 23:01:29', '2017-07-05 23:01:29', '', '', 'Jose', 'Pensilvania'),
('32389595da8096ca521.06402420', 15, '5955dad194587', 'GINGER 30LB ', 3, '', 0, 1, 'fe12c71e-56b3-4495-a14f-ef76f4845db5', 'MI LINDO CANCUN', 'YES', '823857a4-d50a-443e-a765-00d3d117abfc\r\n', 'Idalia Reyes', 9, 25.00, '2017-07-05 00:00:00', '2017-07-05 23:01:29', '2017-07-05 23:01:29', '', '', 'Jose', 'Pensilvania'),
('21465595da88e356f92.62183570', 16, '5955dfa40ab5e', 'YELLOW APPLE ', 1, '', 0, 0, 'c1d9a51c-0f72-40e5-8a04-ff340bedba64', 'LOS AMIGOS', 'NO', '823857a4-d50a-443e-a765-00d3d117abfc\r\n', 'Idalia Reyes', 10, 30.00, '2017-07-05 00:00:00', '2017-07-05 23:03:42', '2017-07-05 23:03:42', '96E407F6-BEC1-402E-8173-3FD298EF', 'ireyes', '', ''),
('21465595da88e356f92.62183570', 16, '5955dd7f4f386', 'PIPIAN 25LB', 2, '', 100, 1, 'c1d9a51c-0f72-40e5-8a04-ff340bedba64', 'LOS AMIGOS', 'YES', '823857a4-d50a-443e-a765-00d3d117abfc\r\n', 'Idalia Reyes', 7, 10.00, '2017-07-05 00:00:00', '2017-07-05 23:03:42', '2017-07-05 23:03:42', '823857a4-d50a-443e-a765-00d3d117', 'Idalia Reyes', '', 'Richmount'),
('', 10, '5955df71b2295', 'WHITE CORN', 4, '', 0, 0, '4ccc36c4-8784-4ad3-bd23-87082c475dca', 'CERRITOS RESTAURANT', 'YES', '823857a4-d50a-443e-a765-00d3d117abfc\r\n', 'Idalia Reyes', 3, 12.00, '2017-07-05 00:00:00', '2017-07-06 00:46:17', '0000-00-00 00:00:00', '', '', '', 'Local'),
('', 10, '5955df71b2295', 'WHITE CORN', 1, '', 0, 0, '4ccc36c4-8784-4ad3-bd23-87082c475dca', 'CERRITOS RESTAURANT', 'YES', '823857a4-d50a-443e-a765-00d3d117abfc\r\n', 'Idalia Reyes', 2, 12.00, '2017-07-05 00:00:00', '2017-07-06 00:48:29', '0000-00-00 00:00:00', '', '', '', 'Local'),
('', 9, '5955df71b2295', 'WHITE CORN', 11, '', 0, 0, 'eb85c229-dd7a-4f88-bd2f-14599f1fd794', 'SUPER 24 LATINO', 'NO', '823857a4-d50a-443e-a765-00d3d117abfc\r\n', 'Idalia Reyes', 2, 10.00, '2017-07-05 00:00:00', '2017-07-06 01:00:30', '0000-00-00 00:00:00', '823857a4-d50a-443e-a765-00d3d117', 'Idalia Reyes', '', ''),
('', 9, '5955df71b2295', 'WHITE CORN', 12, '', 100, 1, 'eb85c229-dd7a-4f88-bd2f-14599f1fd794', 'SUPER 24 LATINO', 'YES', '823857a4-d50a-443e-a765-00d3d117abfc\r\n', 'Idalia Reyes', 3, 11.00, '2017-07-05 00:00:00', '2017-07-06 01:01:15', '0000-00-00 00:00:00', '', '', 'Juan Carlos', ''),
('', 9, '5955defe33dce', 'TORTILLA  MILAGRO ', 13, '', 100, 1, 'eb85c229-dd7a-4f88-bd2f-14599f1fd794', 'SUPER 24 LATINO', 'NO', '823857a4-d50a-443e-a765-00d3d117abfc\r\n', 'Idalia Reyes', 2, 20.00, '2017-07-05 00:00:00', '2017-07-06 01:03:31', '0000-00-00 00:00:00', '823857a4-d50a-443e-a765-00d3d117', 'Idalia Reyes', '', ''),
('', 16, '', '', 3, '', 100, 1, 'c1d9a51c-0f72-40e5-8a04-ff340bedba64', 'LOS AMIGOS', 'YES', '823857a4-d50a-443e-a765-00d3d117abfc\r\n', 'Idalia Reyes', 0, 0.00, '2017-07-05 00:00:00', '2017-07-06 02:20:45', '0000-00-00 00:00:00', '823857a4-d50a-443e-a765-00d3d117', 'Idalia Reyes', '', 'Richmount'),
('', 9, '', '', 14, '', 0, 1, 'eb85c229-dd7a-4f88-bd2f-14599f1fd794', 'SUPER 24 LATINO', 'NO', '823857a4-d50a-443e-a765-00d3d117abfc\r\n', 'Idalia Reyes', 4, 21.00, '2017-07-05 00:00:00', '2017-07-06 02:54:06', '0000-00-00 00:00:00', '', '', '', ''),
('277945962cc98abd737.61990750', 17, '5955d93f324dd', 'AVOCADO 36CT ISCAVO', 0, ':)', 100, 1, 'bfaf11e7-f874-40ca-879f-a6609a4ed76d', 'ALEJANDRA LOPEZ', 'YES', '96E407F6-BEC1-402E-8173-3FD298EF7A28', 'Idalia Reyes', 2, 34.00, '2017-07-10 00:00:00', '2017-07-09 20:38:48', '2017-07-09 20:38:48', '', '', 'Sandra', 'Richmount'),
('277945962cc98abd737.61990750', 17, '5955d9a1e0b4f', 'BANANA MANZANO', 1, ':))', 100, 1, 'bfaf11e7-f874-40ca-879f-a6609a4ed76d', 'ALEJANDRA LOPEZ', 'YES', '96E407F6-BEC1-402E-8173-3FD298EF7A28', 'Idalia Reyes', 6, 67.00, '2017-07-10 00:00:00', '2017-07-09 20:38:48', '2017-07-09 20:38:48', '', '', 'Sandra', 'Richmount'),
('277945962cc98abd737.61990750', 17, '5955d9eaa0622', 'CABBAGE BAG ', 2, 'ahi va', 100, 1, 'bfaf11e7-f874-40ca-879f-a6609a4ed76d', 'ALEJANDRA LOPEZ', 'NO', '96E407F6-BEC1-402E-8173-3FD298EF7A28', 'Idalia Reyes', 56, 12.00, '2017-07-10 00:00:00', '2017-07-09 20:38:48', '2017-07-09 20:38:48', '59596c6bdebbd', 'Sandra', '', 'Richmount'),
('1635659665e9d388312.47979723', 18, '5955df71b2295', 'WHITE CORN', 1, '', 100, 1, 'ba5273d7-2445-4f8d-aab2-2822de17a9ae', 'FRESH PRODUCE INC.', 'YES', '595969f88a3b1', 'Araceli Ortiz', 2, 15.00, '2017-07-11 00:00:00', '2017-07-12 13:38:37', '2017-07-12 13:38:37', '', '', '', 'Richmount'),
('1635659665e9d388312.47979723', 18, '5955deba31215', 'TOMATILLO 38LB ', 2, '', 100, 1, 'ba5273d7-2445-4f8d-aab2-2822de17a9ae', 'FRESH PRODUCE INC.', 'YES', '595969f88a3b1', 'Araceli Ortiz', 5, 20.00, '2017-07-11 00:00:00', '2017-07-12 13:38:37', '2017-07-12 13:38:37', '', '', '', 'Richmount'),
('236295966da6e391f52.34396619', 19, '5955dae0a3fe4', 'GREEN BANANA HARD', 1, '', 0, 0, 'd5181f8b-4cc0-4b4d-a8d7-cc6d11bd840b', 'SAVEMART (ANNAPOLIS)', 'YES', '595969f88a3b1', 'Araceli Ortiz', 3, 18.00, '2017-07-13 00:00:00', '2017-07-12 22:26:54', '2017-07-12 22:26:54', '', '', 'Beto', ''),
('236295966da6e391f52.34396619', 19, '5955da61eb1d6', 'CILANTRO 60CT', 2, '', 0, 0, 'd5181f8b-4cc0-4b4d-a8d7-cc6d11bd840b', 'SAVEMART (ANNAPOLIS)', 'YES', '595969f88a3b1', 'Araceli Ortiz', 8, 15.00, '2017-07-13 00:00:00', '2017-07-12 22:26:54', '2017-07-12 22:26:54', '', '', 'Beto', ''),
('236295966da6e391f52.34396619', 19, '5955da44b9a40', 'CHAYOTE SQUASH 40LB', 3, '', 0, 0, 'd5181f8b-4cc0-4b4d-a8d7-cc6d11bd840b', 'SAVEMART (ANNAPOLIS)', 'YES', '595969f88a3b1', 'Araceli Ortiz', 6, 25.00, '2017-07-13 00:00:00', '2017-07-12 22:26:54', '2017-07-12 22:26:54', '', '', 'Beto', ''),
('236295966da6e391f52.34396619', 19, '5955db572f8d3', 'JALAPENO 35LB ', 4, '', 0, 0, 'd5181f8b-4cc0-4b4d-a8d7-cc6d11bd840b', 'SAVEMART (ANNAPOLIS)', 'YES', '595969f88a3b1', 'Araceli Ortiz', 2, 19.00, '2017-07-13 00:00:00', '2017-07-12 22:26:54', '2017-07-12 22:26:54', '', '', 'Beto', ''),
('236295966da6e391f52.34396619', 19, '5955de4c39f5f', 'SERRANO 35LB ', 5, '', 0, 0, 'd5181f8b-4cc0-4b4d-a8d7-cc6d11bd840b', 'SAVEMART (ANNAPOLIS)', 'YES', '595969f88a3b1', 'Araceli Ortiz', 1, 32.00, '2017-07-13 00:00:00', '2017-07-12 22:26:54', '2017-07-12 22:26:54', '', '', 'Beto', ''),
('236295966da6e391f52.34396619', 19, '5955dda951844', 'POBLANO PEPPER 20LB', 6, '', 0, 0, 'd5181f8b-4cc0-4b4d-a8d7-cc6d11bd840b', 'SAVEMART (ANNAPOLIS)', 'YES', '595969f88a3b1', 'Araceli Ortiz', 1, 20.00, '2017-07-13 00:00:00', '2017-07-12 22:26:54', '2017-07-12 22:26:54', '', '', 'Beto', ''),
('236295966da6e391f52.34396619', 19, '5955dd7f4f386', 'PIPIAN 25LB', 7, '', 0, 0, 'd5181f8b-4cc0-4b4d-a8d7-cc6d11bd840b', 'SAVEMART (ANNAPOLIS)', 'YES', '595969f88a3b1', 'Araceli Ortiz', 4, 20.00, '2017-07-13 00:00:00', '2017-07-12 22:26:54', '2017-07-12 22:26:54', '', '', 'Beto', ''),
('236295966da6e391f52.34396619', 19, '5955db247873e', 'GREEN ONION 50CT', 8, '', 0, 0, 'd5181f8b-4cc0-4b4d-a8d7-cc6d11bd840b', 'SAVEMART (ANNAPOLIS)', 'YES', '595969f88a3b1', 'Araceli Ortiz', 6, 18.00, '2017-07-13 00:00:00', '2017-07-12 22:26:54', '2017-07-12 22:26:54', '', '', 'Beto', ''),
('236295966da6e391f52.34396619', 19, '5955df7f301ae', 'WHITE ONION 50LB', 9, '', 0, 0, 'd5181f8b-4cc0-4b4d-a8d7-cc6d11bd840b', 'SAVEMART (ANNAPOLIS)', 'YES', '595969f88a3b1', 'Araceli Ortiz', 4, 16.50, '2017-07-13 00:00:00', '2017-07-12 22:26:54', '2017-07-12 22:26:54', '', '', 'Beto', ''),
('236295966da6e391f52.34396619', 19, '5966d9ba765a1', 'yuca', 11, '', 0, 0, 'd5181f8b-4cc0-4b4d-a8d7-cc6d11bd840b', 'SAVEMART (ANNAPOLIS)', 'YES', '595969f88a3b1', 'Araceli Ortiz', 10, 18.00, '2017-07-13 00:00:00', '2017-07-12 22:26:55', '2017-07-12 22:26:55', '', '', 'Beto', ''),
('236295966da6e391f52.34396619', 19, '5955d9f62cbd7', 'CACTUS LEAF 40LB ', 12, '', 0, 0, 'd5181f8b-4cc0-4b4d-a8d7-cc6d11bd840b', 'SAVEMART (ANNAPOLIS)', 'YES', '595969f88a3b1', 'Araceli Ortiz', 1, 16.00, '2017-07-13 00:00:00', '2017-07-12 22:26:55', '2017-07-12 22:26:55', '', '', 'Beto', ''),
('236295966da6e391f52.34396619', 19, '5955d8cf0d5ed', 'ALOE VERA', 13, '', 0, 0, 'd5181f8b-4cc0-4b4d-a8d7-cc6d11bd840b', 'SAVEMART (ANNAPOLIS)', 'YES', '595969f88a3b1', 'Araceli Ortiz', 1, 13.00, '2017-07-13 00:00:00', '2017-07-12 22:26:55', '2017-07-12 22:26:55', '', '', 'Beto', ''),
('236295966da6e391f52.34396619', 19, '5955defe33dce', 'TORTILLA  MILAGRO ', 14, '', 0, 0, 'd5181f8b-4cc0-4b4d-a8d7-cc6d11bd840b', 'SAVEMART (ANNAPOLIS)', 'YES', '595969f88a3b1', 'Araceli Ortiz', 35, 19.00, '2017-07-13 00:00:00', '2017-07-12 22:26:55', '2017-07-12 22:26:55', '', '', 'Beto', ''),
('236295966da6e391f52.34396619', 19, '5955deba31215', 'TOMATILLO 38LB ', 15, '', 0, 0, 'd5181f8b-4cc0-4b4d-a8d7-cc6d11bd840b', 'SAVEMART (ANNAPOLIS)', 'YES', '595969f88a3b1', 'Araceli Ortiz', 4, 21.00, '2017-07-13 00:00:00', '2017-07-12 22:26:55', '2017-07-12 22:26:55', '', '', 'Beto', ''),
('236295966da6e391f52.34396619', 19, '5955db2c15e98', 'GREEN PLANTAIN', 16, '', 0, 0, 'd5181f8b-4cc0-4b4d-a8d7-cc6d11bd840b', 'SAVEMART (ANNAPOLIS)', 'YES', '595969f88a3b1', 'Araceli Ortiz', 1, 29.00, '2017-07-13 00:00:00', '2017-07-12 22:26:55', '2017-07-12 22:26:55', '', '', 'Beto', ''),
('236295966da6e391f52.34396619', 19, '5955da88b42c7', 'CULANTRO 40 BUNCH ', 17, '', 0, 0, 'd5181f8b-4cc0-4b4d-a8d7-cc6d11bd840b', 'SAVEMART (ANNAPOLIS)', 'YES', '595969f88a3b1', 'Araceli Ortiz', 1, 27.00, '2017-07-13 00:00:00', '2017-07-12 22:26:55', '2017-07-12 22:26:55', '', '', 'Beto', ''),
('236295966da6e391f52.34396619', 19, '5955df6be5796', 'WHITE COCONUT ', 18, '', 0, 0, 'd5181f8b-4cc0-4b4d-a8d7-cc6d11bd840b', 'SAVEMART (ANNAPOLIS)', 'YES', '595969f88a3b1', 'Araceli Ortiz', 2, 34.00, '2017-07-13 00:00:00', '2017-07-12 22:26:55', '2017-07-12 22:26:55', '', '', 'Beto', ''),
('236295966da6e391f52.34396619', 19, '5955dbe32040e', 'MANGO ATAULFO', 19, '$16', 0, 1, 'd5181f8b-4cc0-4b4d-a8d7-cc6d11bd840b', 'SAVEMART (ANNAPOLIS)', 'YES', '595969f88a3b1', 'Araceli Ortiz', 50, 8.00, '2017-07-13 00:00:00', '2017-07-12 22:26:55', '2017-07-12 22:26:55', '', '', 'Beto', ''),
('81385967ad28e5baf8.53330715', 20, '5955dfb4538e0', 'YELLOW CORN', 0, 'bueno', 200, 1, 'dd9ccd87-d2e5-4f38-a9a0-348fc26349c5', 'CINCO DE MAYO PATAPSCO', 'YES', '595969f88a3b1', 'Araceli Ortiz', 4, 15.00, '2017-07-13 00:00:00', '2017-07-13 13:26:00', '2017-07-13 13:26:00', '595969f88a3b1', 'Araceli Ortiz', '', 'Richmount'),
('81385967ad28e5baf8.53330715', 20, '5955dec93ff90', 'TOMATO 5X6 ', 1, '', 200, 1, 'dd9ccd87-d2e5-4f38-a9a0-348fc26349c5', 'CINCO DE MAYO PATAPSCO', 'YES', '595969f88a3b1', 'Araceli Ortiz', 10, 12.00, '2017-07-13 00:00:00', '2017-07-13 13:26:01', '2017-07-13 13:26:01', '', '', '', 'Richmount'),
('81385967ad28e5baf8.53330715', 20, '5955d9706b525', 'BABY MANGO', 2, '', 0, 0, 'dd9ccd87-d2e5-4f38-a9a0-348fc26349c5', 'CINCO DE MAYO PATAPSCO', 'YES', '595969f88a3b1', 'Araceli Ortiz', 4, 100.00, '2017-07-13 00:00:00', '2017-07-13 13:26:01', '2017-07-13 13:26:01', '', '', '', 'Richmount'),
('177235967b70ce8e132.27940399', 21, '5955df8bdc08a', 'WHITE TORTILLA ', 0, '', 0, 0, 'fde7aeeb-c609-4981-81c4-4ac61a4f8f5d', 'LA BENDICION GROCERY STORE', 'YES', '595969f88a3b1', 'Araceli Ortiz', 5, 20.00, '2017-07-13 00:00:00', '2017-07-13 14:08:12', '2017-07-13 14:08:12', '', '', '', ''),
('177235967b70ce8e132.27940399', 21, '5955d8cf0d5ed', 'ALOE VERA', 1, '', 0, 0, 'fde7aeeb-c609-4981-81c4-4ac61a4f8f5d', 'LA BENDICION GROCERY STORE', 'YES', '595969f88a3b1', 'Araceli Ortiz', 8, 10.00, '2017-07-13 00:00:00', '2017-07-13 14:08:13', '2017-07-13 14:08:13', '', '', '', ''),
('', 21, '', 'TOSTADA MILAGRO', 2, '', 0, 0, 'fde7aeeb-c609-4981-81c4-4ac61a4f8f5d', 'LA BENDICION GROCERY STORE', 'YES', '', '', 0, 0.00, '2017-07-13 00:00:00', '2017-07-16 03:48:20', '0000-00-00 00:00:00', '', '', '', ''),
('', 21, '', 'WHITE TORTILLA ', 3, '', 0, 0, 'fde7aeeb-c609-4981-81c4-4ac61a4f8f5d', 'LA BENDICION GROCERY STORE', 'YES', '', '', 0, 0.00, '2017-07-13 00:00:00', '2017-07-16 03:49:20', '0000-00-00 00:00:00', '', '', '', ''),
('', 21, '', 'TOSTADA MILAGRO', 4, '', 0, 0, 'fde7aeeb-c609-4981-81c4-4ac61a4f8f5d', 'LA BENDICION GROCERY STORE', 'YES', '', '', 0, 0.00, '2017-07-13 00:00:00', '2017-07-16 03:51:57', '0000-00-00 00:00:00', '', '', '', ''),
('', 9, '', 'WATERCRESS', 13, '', 100, 1, 'eb85c229-dd7a-4f88-bd2f-14599f1fd794', 'SUPER 24 LATINO', 'YES', '', '', 0, 0.00, '2017-07-05 00:00:00', '2017-07-16 03:53:32', '0000-00-00 00:00:00', '', '', 'Juan Carlos', ''),
('', 9, '', 'CHEF POTATO ', 14, '', 0, 1, 'eb85c229-dd7a-4f88-bd2f-14599f1fd794', 'SUPER 24 LATINO', 'YES', '', '', 4, 21.00, '2017-07-05 00:00:00', '2017-07-16 03:59:26', '0000-00-00 00:00:00', '', '', 'Juan Carlos', ''),
('', 15, '', 'WHITE TORTILLA ', 4, '', 0, 1, 'fe12c71e-56b3-4495-a14f-ef76f4845db5', 'MI LINDO CANCUN', 'YES', '', '', 2, 0.00, '2017-07-05 00:00:00', '2017-07-16 04:05:19', '0000-00-00 00:00:00', '', '', 'Jose', ''),
('', 15, '', 'YELLOW ONION 3 LBS', 5, '', 0, 0, 'fe12c71e-56b3-4495-a14f-ef76f4845db5', 'MI LINDO CANCUN', 'YES', '', '', 1, 14.00, '2017-07-05 00:00:00', '2017-07-16 04:09:50', '0000-00-00 00:00:00', '', '', '', ''),
('31174596bc1d15dfa12.39711637', 22, '5955db572f8d3', 'JALAPENO 35LB ', 31, '', 0, 0, '4ccc36c4-8784-4ad3-bd23-87082c475dca', 'CERRITOS RESTAURANT', 'YES', '96E407F6-BEC1-402E-8173-3FD298EF7A28', 'Idalia Reyes', 1, 22.00, '2017-07-15 00:00:00', '2017-07-16 15:43:13', '2017-07-16 15:43:13', '', '', '', ''),
('31174596bc1d15dfa12.39711637', 22, '5955dba91f885', 'LETTUCE  24CT', 32, '', 0, 0, '4ccc36c4-8784-4ad3-bd23-87082c475dca', 'CERRITOS RESTAURANT', 'YES', '96E407F6-BEC1-402E-8173-3FD298EF7A28', 'Idalia Reyes', 1, 21.00, '2017-07-15 00:00:00', '2017-07-16 15:43:13', '2017-07-16 15:43:13', '', '', '', ''),
('31174596bc1d15dfa12.39711637', 22, '5955da2c6b788', 'CARROT 50LB ', 33, '', 0, 0, '4ccc36c4-8784-4ad3-bd23-87082c475dca', 'CERRITOS RESTAURANT', 'YES', '96E407F6-BEC1-402E-8173-3FD298EF7A28', 'Idalia Reyes', 1, 16.00, '2017-07-15 00:00:00', '2017-07-16 15:43:13', '2017-07-16 15:43:13', '', '', '', ''),
('31174596bc1d15dfa12.39711637', 22, '5955db481b05a', 'IDAHO POTATO', 34, '', 0, 0, '4ccc36c4-8784-4ad3-bd23-87082c475dca', 'CERRITOS RESTAURANT', 'YES', '96E407F6-BEC1-402E-8173-3FD298EF7A28', 'Idalia Reyes', 1, 22.00, '2017-07-15 00:00:00', '2017-07-16 15:43:13', '2017-07-16 15:43:13', '', '', '', ''),
('31174596bc1d15dfa12.39711637', 22, '5955d9e4c3c67', 'CABBAGE', 35, '', 0, 0, '4ccc36c4-8784-4ad3-bd23-87082c475dca', 'CERRITOS RESTAURANT', 'YES', '96E407F6-BEC1-402E-8173-3FD298EF7A28', 'Idalia Reyes', 1, 16.00, '2017-07-15 00:00:00', '2017-07-16 15:43:13', '2017-07-16 15:43:13', '', '', '', ''),
('31174596bc1d15dfa12.39711637', 22, '5955decf0f345', 'TOMATO PLUM 25LB', 36, '', 0, 0, '4ccc36c4-8784-4ad3-bd23-87082c475dca', 'CERRITOS RESTAURANT', 'YES', '96E407F6-BEC1-402E-8173-3FD298EF7A28', 'Idalia Reyes', 1, 16.00, '2017-07-15 00:00:00', '2017-07-16 15:43:13', '2017-07-16 15:43:13', '', '', '', ''),
('31174596bc1d15dfa12.39711637', 22, '5955ded872a93', 'TOMATO SALSA ', 37, '', 0, 0, '4ccc36c4-8784-4ad3-bd23-87082c475dca', 'CERRITOS RESTAURANT', 'YES', '96E407F6-BEC1-402E-8173-3FD298EF7A28', 'Idalia Reyes', 1, 15.00, '2017-07-15 00:00:00', '2017-07-16 15:43:13', '2017-07-16 15:43:13', '', '', '', ''),
('31174596bc1d15dfa12.39711637', 22, '5967ae6dc63f2', 'YUCA', 38, '', 0, 0, '4ccc36c4-8784-4ad3-bd23-87082c475dca', 'CERRITOS RESTAURANT', 'YES', '96E407F6-BEC1-402E-8173-3FD298EF7A28', 'Idalia Reyes', 1, 20.00, '2017-07-15 00:00:00', '2017-07-16 15:43:13', '2017-07-16 15:43:13', '', '', '', ''),
('31174596bc1d15dfa12.39711637', 22, '5955dd7f4f386', 'PIPIAN 25LB', 39, '', 0, 0, '4ccc36c4-8784-4ad3-bd23-87082c475dca', 'CERRITOS RESTAURANT', 'YES', '96E407F6-BEC1-402E-8173-3FD298EF7A28', 'Idalia Reyes', 1, 20.00, '2017-07-15 00:00:00', '2017-07-16 15:43:13', '2017-07-16 15:43:13', '', '', '', ''),
('31174596bc1d15dfa12.39711637', 22, '5955d95d80159', 'AVOCADO 48CT VILLITA', 40, '', 0, 0, '4ccc36c4-8784-4ad3-bd23-87082c475dca', 'CERRITOS RESTAURANT', 'YES', '96E407F6-BEC1-402E-8173-3FD298EF7A28', 'Idalia Reyes', 1, 50.00, '2017-07-15 00:00:00', '2017-07-16 15:43:14', '2017-07-16 15:43:14', '', '', '', ''),
('31174596bc1d15dfa12.39711637', 22, '5955df7f301ae', 'WHITE ONION 50LB', 41, 'mediana', 0, 0, '4ccc36c4-8784-4ad3-bd23-87082c475dca', 'CERRITOS RESTAURANT', 'YES', '96E407F6-BEC1-402E-8173-3FD298EF7A28', 'Idalia Reyes', 1, 19.00, '2017-07-15 00:00:00', '2017-07-16 15:43:14', '2017-07-16 15:43:14', '', '', '', ''),
('31174596bc1d15dfa12.39711637', 22, '5955da61eb1d6', 'CILANTRO 60CT', 42, '', 0, 0, '4ccc36c4-8784-4ad3-bd23-87082c475dca', 'CERRITOS RESTAURANT', 'YES', '96E407F6-BEC1-402E-8173-3FD298EF7A28', 'Idalia Reyes', 0.5, 9.00, '2017-07-15 00:00:00', '2017-07-16 15:43:14', '2017-07-16 15:43:14', '', '', '', '');

-- --------------------------------------------------------

--
-- Estructura de tabla para la tabla `productlist`
--

CREATE TABLE IF NOT EXISTS `productlist` (
  `productGuid` varchar(64) NOT NULL,
  `description` varchar(64) NOT NULL,
  `UserGUID` varchar(64) NOT NULL,
  `IsActive` tinyint(1) NOT NULL,
  `recordCreated` timestamp NOT NULL DEFAULT CURRENT_TIMESTAMP,
  `recordLastModified` timestamp NOT NULL DEFAULT CURRENT_TIMESTAMP
) ENGINE=MyISAM DEFAULT CHARSET=latin1;

--
-- Volcado de datos para la tabla `productlist`
--

INSERT INTO `productlist` (`productGuid`, `description`, `UserGUID`, `IsActive`, `recordCreated`, `recordLastModified`) VALUES
('5955d8cf0d5ed', 'ALOE VERA', '96E407F6-BEC1-402E-8173-3FD298EF7A28', 1, '2017-06-30 04:51:27', '2017-06-30 04:51:27'),
('5955d8d6e46fe', 'ANAHEIM PEPPER ', '96E407F6-BEC1-402E-8173-3FD298EF7A28', 1, '2017-06-30 04:51:34', '2017-06-30 04:51:34'),
('5955d8dd9b4ee', 'ARBOL DRY PEPPER  15LB', '96E407F6-BEC1-402E-8173-3FD298EF7A28', 1, '2017-06-30 04:51:41', '2017-06-30 04:51:41'),
('5955d908a61c5', 'ARBOL FRESH PEPPER  22LB', '96E407F6-BEC1-402E-8173-3FD298EF7A28', 1, '2017-06-30 04:52:24', '2017-06-30 04:52:24'),
('5955d93079213', 'AVOCADO 32CT ISCAVO', '96E407F6-BEC1-402E-8173-3FD298EF7A28', 1, '2017-06-30 04:53:04', '2017-06-30 04:53:04'),
('5955d937468b9', 'AVOCADO 32CT VILLITA', '96E407F6-BEC1-402E-8173-3FD298EF7A28', 1, '2017-06-30 04:53:11', '2017-06-30 04:53:11'),
('5955d93f324dd', 'AVOCADO 36CT ISCAVO', '96E407F6-BEC1-402E-8173-3FD298EF7A28', 1, '2017-06-30 04:53:19', '2017-06-30 04:53:19'),
('5955d945874b3', 'AVOCADO 36CT VILLITA', '96E407F6-BEC1-402E-8173-3FD298EF7A28', 1, '2017-06-30 04:53:25', '2017-06-30 04:53:25'),
('5955d94f4452a', 'AVOCADO 40CT ISCAVO', '96E407F6-BEC1-402E-8173-3FD298EF7A28', 1, '2017-06-30 04:53:35', '2017-06-30 04:53:35'),
('5955d956e59db', 'AVOCADO 48CT ISCAVO ', '96E407F6-BEC1-402E-8173-3FD298EF7A28', 1, '2017-06-30 04:53:42', '2017-06-30 04:53:42'),
('5955d95d80159', 'AVOCADO 48CT VILLITA', '96E407F6-BEC1-402E-8173-3FD298EF7A28', 1, '2017-06-30 04:53:49', '2017-06-30 04:53:49'),
('5955d96611672', 'BABY CARROT', '96E407F6-BEC1-402E-8173-3FD298EF7A28', 1, '2017-06-30 04:53:58', '2017-06-30 04:53:58'),
('5955d9706b525', 'BABY MANGO', '96E407F6-BEC1-402E-8173-3FD298EF7A28', 1, '2017-06-30 04:54:08', '2017-06-30 04:54:08'),
('5955d976b53cc', 'BAG LARGE', '96E407F6-BEC1-402E-8173-3FD298EF7A28', 1, '2017-06-30 04:54:14', '2017-06-30 04:54:14'),
('5955d97eadf95', 'BAG MEDIUM', '96E407F6-BEC1-402E-8173-3FD298EF7A28', 1, '2017-06-30 04:54:22', '2017-06-30 04:54:22'),
('5955d985500e6', 'BAG ROLLO', '96E407F6-BEC1-402E-8173-3FD298EF7A28', 1, '2017-06-30 04:54:29', '2017-06-30 04:54:29'),
('5955d98be6ebd', 'BAG SMALL', '96E407F6-BEC1-402E-8173-3FD298EF7A28', 1, '2017-06-30 04:54:35', '2017-06-30 04:54:35'),
('5955d994574d3', 'BANANA DOLE', '96E407F6-BEC1-402E-8173-3FD298EF7A28', 1, '2017-06-30 04:54:44', '2017-06-30 04:54:44'),
('5955d99b929c2', 'BANANA LEAF 25LB', '96E407F6-BEC1-402E-8173-3FD298EF7A28', 1, '2017-06-30 04:54:51', '2017-06-30 04:54:51'),
('5955d9a1e0b4f', 'BANANA MANZANO', '96E407F6-BEC1-402E-8173-3FD298EF7A28', 1, '2017-06-30 04:54:57', '2017-06-30 04:54:57'),
('5955d9aba28cf', 'BEET ', '96E407F6-BEC1-402E-8173-3FD298EF7A28', 1, '2017-06-30 04:55:07', '2017-06-30 04:55:07'),
('5955d9c7d2ba0', 'BEET  BOUNCH 38LB', '96E407F6-BEC1-402E-8173-3FD298EF7A28', 1, '2017-06-30 04:55:35', '2017-06-30 04:55:35'),
('5955d9d425902', 'BONIATO', '96E407F6-BEC1-402E-8173-3FD298EF7A28', 1, '2017-06-30 04:55:48', '2017-06-30 04:55:48'),
('5955d9da513d8', 'BROCCOLI ', '96E407F6-BEC1-402E-8173-3FD298EF7A28', 1, '2017-06-30 04:55:54', '2017-06-30 04:55:54'),
('5955d9e4c3c67', 'CABBAGE', '96E407F6-BEC1-402E-8173-3FD298EF7A28', 1, '2017-06-30 04:56:04', '2017-06-30 04:56:04'),
('5955d9eaa0622', 'CABBAGE BAG ', '96E407F6-BEC1-402E-8173-3FD298EF7A28', 1, '2017-06-30 04:56:10', '2017-06-30 04:56:10'),
('5955d9f62cbd7', 'CACTUS LEAF 40LB ', '96E407F6-BEC1-402E-8173-3FD298EF7A28', 1, '2017-06-30 04:56:22', '2017-06-30 04:56:22'),
('5955d9fe157e5', 'CALAVAZA FLORIDA', '96E407F6-BEC1-402E-8173-3FD298EF7A28', 1, '2017-06-30 04:56:30', '2017-06-30 04:56:30'),
('5955da1415fe1', 'CANTALOUPE 12CT', '96E407F6-BEC1-402E-8173-3FD298EF7A28', 1, '2017-06-30 04:56:52', '2017-06-30 04:56:52'),
('5955da1a0c4c0', 'CANTALOUPE 9CT', '96E407F6-BEC1-402E-8173-3FD298EF7A28', 1, '2017-06-30 04:56:58', '2017-06-30 04:56:58'),
('5955da1fc5b02', 'CARROT 1 LB', '96E407F6-BEC1-402E-8173-3FD298EF7A28', 1, '2017-06-30 04:57:03', '2017-06-30 04:57:03'),
('5955da26723ce', 'CARROT 2LB ', '96E407F6-BEC1-402E-8173-3FD298EF7A28', 1, '2017-06-30 04:57:10', '2017-06-30 04:57:10'),
('5955da2c6b788', 'CARROT 50LB ', '96E407F6-BEC1-402E-8173-3FD298EF7A28', 1, '2017-06-30 04:57:16', '2017-06-30 04:57:16'),
('5955da350b09e', 'CAULIFLOWER 12CT', '96E407F6-BEC1-402E-8173-3FD298EF7A28', 1, '2017-06-30 04:57:25', '2017-06-30 04:57:25'),
('5955da3c13c7b', 'CELERY ', '96E407F6-BEC1-402E-8173-3FD298EF7A28', 1, '2017-06-30 04:57:32', '2017-06-30 04:57:32'),
('5955da44b9a40', 'CHAYOTE SQUASH 40LB', '96E407F6-BEC1-402E-8173-3FD298EF7A28', 1, '2017-06-30 04:57:40', '2017-06-30 04:57:40'),
('5955da4ad99de', 'CHEF POTATO ', '96E407F6-BEC1-402E-8173-3FD298EF7A28', 1, '2017-06-30 04:57:46', '2017-06-30 04:57:46'),
('5955da50817a9', 'CHERRY', '96E407F6-BEC1-402E-8173-3FD298EF7A28', 1, '2017-06-30 04:57:52', '2017-06-30 04:57:52'),
('5955da56675c8', 'CHILACA  20LB ', '96E407F6-BEC1-402E-8173-3FD298EF7A28', 1, '2017-06-30 04:57:58', '2017-06-30 04:57:58'),
('5955da5c287d8', 'CHUNKY BANANA', '96E407F6-BEC1-402E-8173-3FD298EF7A28', 1, '2017-06-30 04:58:04', '2017-06-30 04:58:04'),
('5955da61eb1d6', 'CILANTRO 60CT', '96E407F6-BEC1-402E-8173-3FD298EF7A28', 1, '2017-06-30 04:58:09', '2017-06-30 04:58:09'),
('5955da696803c', 'COCA COLA 500ML', '96E407F6-BEC1-402E-8173-3FD298EF7A28', 1, '2017-06-30 04:58:17', '2017-06-30 04:58:17'),
('5955da6fc1747', 'CUBANELLE PEPPER', '96E407F6-BEC1-402E-8173-3FD298EF7A28', 1, '2017-06-30 04:58:23', '2017-06-30 04:58:23'),
('5955da786bea8', 'CUBANELLE PEPPER ', '96E407F6-BEC1-402E-8173-3FD298EF7A28', 1, '2017-06-30 04:58:32', '2017-06-30 04:58:32'),
('5955da82a8811', 'CUCUMBER', '96E407F6-BEC1-402E-8173-3FD298EF7A28', 1, '2017-06-30 04:58:42', '2017-06-30 04:58:42'),
('5955da88b42c7', 'CULANTRO 40 BUNCH ', '96E407F6-BEC1-402E-8173-3FD298EF7A28', 1, '2017-06-30 04:58:48', '2017-06-30 04:58:48'),
('5955da9025025', 'DRY COCONUT', '96E407F6-BEC1-402E-8173-3FD298EF7A28', 1, '2017-06-30 04:58:56', '2017-06-30 04:58:56'),
('5955da95c4f76', 'DULCE MIX', '96E407F6-BEC1-402E-8173-3FD298EF7A28', 1, '2017-06-30 04:59:01', '2017-06-30 04:59:01'),
('5955da9c7a4fc', 'EGG', '96E407F6-BEC1-402E-8173-3FD298EF7A28', 1, '2017-06-30 04:59:08', '2017-06-30 04:59:08'),
('5955daa22616b', 'EGGPLANT', '96E407F6-BEC1-402E-8173-3FD298EF7A28', 1, '2017-06-30 04:59:14', '2017-06-30 04:59:14'),
('5955daa7b63bd', 'EPAZOTE  42CT ', '96E407F6-BEC1-402E-8173-3FD298EF7A28', 1, '2017-06-30 04:59:19', '2017-06-30 04:59:19'),
('5955daae1eb13', 'FAVA ENCHILADA', '96E407F6-BEC1-402E-8173-3FD298EF7A28', 1, '2017-06-30 04:59:26', '2017-06-30 04:59:26'),
('5955dab3bc026', 'FAVA BEANS 38LB ', '96E407F6-BEC1-402E-8173-3FD298EF7A28', 1, '2017-06-30 04:59:31', '2017-06-30 04:59:31'),
('5955dab976895', 'GARLIC BOTE', '96E407F6-BEC1-402E-8173-3FD298EF7A28', 1, '2017-06-30 04:59:37', '2017-06-30 04:59:37'),
('5955dabf2640b', 'GARLIC BOTE 1LB', '96E407F6-BEC1-402E-8173-3FD298EF7A28', 1, '2017-06-30 04:59:43', '2017-06-30 04:59:43'),
('5955dac77f752', 'GARLIC PACK', '96E407F6-BEC1-402E-8173-3FD298EF7A28', 1, '2017-06-30 04:59:51', '2017-06-30 04:59:51'),
('5955dad194587', 'GINGER 30LB ', '96E407F6-BEC1-402E-8173-3FD298EF7A28', 1, '2017-06-30 05:00:01', '2017-06-30 05:00:01'),
('5955dad950589', 'GREEN APPLE', '96E407F6-BEC1-402E-8173-3FD298EF7A28', 1, '2017-06-30 05:00:09', '2017-06-30 05:00:09'),
('5955dae0a3fe4', 'GREEN BANANA HARD', '96E407F6-BEC1-402E-8173-3FD298EF7A28', 1, '2017-06-30 05:00:16', '2017-06-30 05:00:16'),
('5955dae63f6d6', 'GREEN BEAN', '96E407F6-BEC1-402E-8173-3FD298EF7A28', 1, '2017-06-30 05:00:22', '2017-06-30 05:00:22'),
('5955daed48a8e', 'GREEN BELL PEPPER ', '96E407F6-BEC1-402E-8173-3FD298EF7A28', 1, '2017-06-30 05:00:29', '2017-06-30 05:00:29'),
('5955daf2de4b5', 'GREEN CACTUS PEAR', '96E407F6-BEC1-402E-8173-3FD298EF7A28', 1, '2017-06-30 05:00:34', '2017-06-30 05:00:34'),
('5955dafbb5b21', 'GREEN COCONUT', '96E407F6-BEC1-402E-8173-3FD298EF7A28', 1, '2017-06-30 05:00:43', '2017-06-30 05:00:43'),
('5955db0c23ab4', 'GREEN COLLAR', '96E407F6-BEC1-402E-8173-3FD298EF7A28', 1, '2017-06-30 05:01:00', '2017-06-30 05:01:00'),
('5955db117433e', 'GREEN GRAPE', '96E407F6-BEC1-402E-8173-3FD298EF7A28', 1, '2017-06-30 05:01:05', '2017-06-30 05:01:05'),
('5955db19172a9', 'GREEN GUAJE 40LB ', '96E407F6-BEC1-402E-8173-3FD298EF7A28', 1, '2017-06-30 05:01:13', '2017-06-30 05:01:13'),
('5955db1eb2590', 'GREEN HABANERO', '96E407F6-BEC1-402E-8173-3FD298EF7A28', 1, '2017-06-30 05:01:18', '2017-06-30 05:01:18'),
('5955db247873e', 'GREEN ONION 50CT', '96E407F6-BEC1-402E-8173-3FD298EF7A28', 1, '2017-06-30 05:01:24', '2017-06-30 05:01:24'),
('5955db2c15e98', 'GREEN PLANTAIN', '96E407F6-BEC1-402E-8173-3FD298EF7A28', 1, '2017-06-30 05:01:32', '2017-06-30 05:01:32'),
('5955db320c10c', 'GUAVA  13LB ', '96E407F6-BEC1-402E-8173-3FD298EF7A28', 1, '2017-06-30 05:01:38', '2017-06-30 05:01:38'),
('5955db3769561', 'HOJA SANTA 14CT', '96E407F6-BEC1-402E-8173-3FD298EF7A28', 1, '2017-06-30 05:01:43', '2017-06-30 05:01:43'),
('5955db3dbe760', 'HUAZONTLE 22CT ', '96E407F6-BEC1-402E-8173-3FD298EF7A28', 1, '2017-06-30 05:01:49', '2017-06-30 05:01:49'),
('5955db3f46daf', 'HUAZONTLE 22CT ', '96E407F6-BEC1-402E-8173-3FD298EF7A28', 1, '2017-06-30 05:01:51', '2017-06-30 05:01:51'),
('5955db481b05a', 'IDAHO POTATO', '96E407F6-BEC1-402E-8173-3FD298EF7A28', 1, '2017-06-30 05:02:00', '2017-06-30 05:02:00'),
('5955db504c0a0', 'IDAHO POTATO 5LB', '96E407F6-BEC1-402E-8173-3FD298EF7A28', 1, '2017-06-30 05:02:08', '2017-06-30 05:02:08'),
('5955db572f8d3', 'JALAPENO 35LB ', '96E407F6-BEC1-402E-8173-3FD298EF7A28', 1, '2017-06-30 05:02:15', '2017-06-30 05:02:15'),
('5955db5cb602e', 'JAMAICA 15LB', '96E407F6-BEC1-402E-8173-3FD298EF7A28', 1, '2017-06-30 05:02:20', '2017-06-30 05:02:20'),
('5955db636c1ea', 'JICAMA', '96E407F6-BEC1-402E-8173-3FD298EF7A28', 1, '2017-06-30 05:02:27', '2017-06-30 05:02:27'),
('5955db699dca0', 'JOCOTE', '96E407F6-BEC1-402E-8173-3FD298EF7A28', 1, '2017-06-30 05:02:33', '2017-06-30 05:02:33'),
('5955db700133b', 'KALE', '96E407F6-BEC1-402E-8173-3FD298EF7A28', 1, '2017-06-30 05:02:40', '2017-06-30 05:02:40'),
('5955db75a6765', 'LEMON', '96E407F6-BEC1-402E-8173-3FD298EF7A28', 1, '2017-06-30 05:02:45', '2017-06-30 05:02:45'),
('5955dba91f885', 'LETTUCE  24CT', '96E407F6-BEC1-402E-8173-3FD298EF7A28', 1, '2017-06-30 05:03:37', '2017-06-30 05:03:37'),
('5955dbaebe5f4', 'LIME 175CT', '96E407F6-BEC1-402E-8173-3FD298EF7A28', 1, '2017-06-30 05:03:42', '2017-06-30 05:03:42'),
('5955dbb44afef', 'LIME 200CT', '96E407F6-BEC1-402E-8173-3FD298EF7A28', 1, '2017-06-30 05:03:48', '2017-06-30 05:03:48'),
('5955dbb9e5ec2', 'LIME 230CT', '96E407F6-BEC1-402E-8173-3FD298EF7A28', 1, '2017-06-30 05:03:53', '2017-06-30 05:03:53'),
('5955dbbf8057a', 'MAGUEY LEAF12CT', '96E407F6-BEC1-402E-8173-3FD298EF7A28', 1, '2017-06-30 05:03:59', '2017-06-30 05:03:59'),
('5955dbc67b8fe', 'MALANGA COCO', '96E407F6-BEC1-402E-8173-3FD298EF7A28', 1, '2017-06-30 05:04:06', '2017-06-30 05:04:06'),
('5955dbd3d3100', 'MALANGA LILA', '96E407F6-BEC1-402E-8173-3FD298EF7A28', 1, '2017-06-30 05:04:19', '2017-06-30 05:04:19'),
('5955dbdc28a53', 'MAMEY 25LB', '96E407F6-BEC1-402E-8173-3FD298EF7A28', 1, '2017-06-30 05:04:28', '2017-06-30 05:04:28'),
('5955dbe32040e', 'MANGO ATAULFO', '96E407F6-BEC1-402E-8173-3FD298EF7A28', 1, '2017-06-30 05:04:35', '2017-06-30 05:04:35'),
('5955dbf141482', 'MANGO TOMMY', '96E407F6-BEC1-402E-8173-3FD298EF7A28', 1, '2017-06-30 05:04:49', '2017-06-30 05:04:49'),
('5955dbf8a9695', 'MANZANO PEPPER', '96E407F6-BEC1-402E-8173-3FD298EF7A28', 1, '2017-06-30 05:04:56', '2017-06-30 05:04:56'),
('5955dc06ce759', 'MASABROSA 10CT', '96E407F6-BEC1-402E-8173-3FD298EF7A28', 1, '2017-06-30 05:05:10', '2017-06-30 05:05:10'),
('5955dc0c989ed', 'MASECA 10CT', '96E407F6-BEC1-402E-8173-3FD298EF7A28', 1, '2017-06-30 05:05:16', '2017-06-30 05:05:16'),
('5955dc131986a', 'maseca tamal', '96E407F6-BEC1-402E-8173-3FD298EF7A28', 1, '2017-06-30 05:05:23', '2017-06-30 05:05:23'),
('5955dc1b20a2c', 'MINT', '96E407F6-BEC1-402E-8173-3FD298EF7A28', 1, '2017-06-30 05:05:31', '2017-06-30 05:05:31'),
('5955dc2137486', 'MIX HABANERO ', '96E407F6-BEC1-402E-8173-3FD298EF7A28', 1, '2017-06-30 05:05:37', '2017-06-30 05:05:37'),
('5955dc27ced25', 'MOLE VERDE', '96E407F6-BEC1-402E-8173-3FD298EF7A28', 1, '2017-06-30 05:05:43', '2017-06-30 05:05:43'),
('5955dc2dc8e75', 'MUSHROOM', '96E407F6-BEC1-402E-8173-3FD298EF7A28', 1, '2017-06-30 05:05:49', '2017-06-30 05:05:49'),
('5955dc337624d', 'OJUELA DE PAPA', '96E407F6-BEC1-402E-8173-3FD298EF7A28', 1, '2017-06-30 05:05:55', '2017-06-30 05:05:55'),
('5955dc393ce95', 'ORANGE 56CT', '96E407F6-BEC1-402E-8173-3FD298EF7A28', 1, '2017-06-30 05:06:01', '2017-06-30 05:06:01'),
('5955dc3ef1ac5', 'ORANGE 88CT ', '96E407F6-BEC1-402E-8173-3FD298EF7A28', 1, '2017-06-30 05:06:06', '2017-06-30 05:06:06'),
('5955dc46793bd', 'ORANGE BAG', '96E407F6-BEC1-402E-8173-3FD298EF7A28', 1, '2017-06-30 05:06:14', '2017-06-30 05:06:14'),
('5955dc50c11c9', 'ORANGE BELL PEPPER', '96E407F6-BEC1-402E-8173-3FD298EF7A28', 1, '2017-06-30 05:06:24', '2017-06-30 05:06:24'),
('5955dc5926deb', 'ORANGE HABANERO 8LB ', '96E407F6-BEC1-402E-8173-3FD298EF7A28', 1, '2017-06-30 05:06:33', '2017-06-30 05:06:33'),
('5955dc5f2aad4', 'PAPALO 20CT', '96E407F6-BEC1-402E-8173-3FD298EF7A28', 1, '2017-06-30 05:06:39', '2017-06-30 05:06:39'),
('5955dcfec56f7', 'PAPAYA', '96E407F6-BEC1-402E-8173-3FD298EF7A28', 1, '2017-06-30 05:09:18', '2017-06-30 05:09:18'),
('5955dd045eb78', 'PASTA  ANILLO 44LB ', '96E407F6-BEC1-402E-8173-3FD298EF7A28', 1, '2017-06-30 05:09:24', '2017-06-30 05:09:24'),
('5955dd09c20de', 'PASTA 10 X 10', '96E407F6-BEC1-402E-8173-3FD298EF7A28', 1, '2017-06-30 05:09:29', '2017-06-30 05:09:29'),
('5955dd0fbace9', 'PASTA 4X4', '96E407F6-BEC1-402E-8173-3FD298EF7A28', 1, '2017-06-30 05:09:35', '2017-06-30 05:09:35'),
('5955dd1287610', 'PASTA 4X4', '96E407F6-BEC1-402E-8173-3FD298EF7A28', 1, '2017-06-30 05:09:38', '2017-06-30 05:09:38'),
('5955dd1a51e02', 'PASTA DONA 44LB', '96E407F6-BEC1-402E-8173-3FD298EF7A28', 1, '2017-06-30 05:09:46', '2017-06-30 05:09:46'),
('5955dd2197153', 'PASTA PALO ', '96E407F6-BEC1-402E-8173-3FD298EF7A28', 1, '2017-06-30 05:09:53', '2017-06-30 05:09:53'),
('5955dd2742780', 'PASTA TORNILLO 33LB', '96E407F6-BEC1-402E-8173-3FD298EF7A28', 1, '2017-06-30 05:09:59', '2017-06-30 05:09:59'),
('5955dd2cf3e7a', 'PEACH ', '96E407F6-BEC1-402E-8173-3FD298EF7A28', 1, '2017-06-30 05:10:04', '2017-06-30 05:10:04'),
('5955dd3304a99', 'PEANUT', '96E407F6-BEC1-402E-8173-3FD298EF7A28', 1, '2017-06-30 05:10:11', '2017-06-30 05:10:11'),
('5955dd38ddde7', 'PEANUT PEELED', '96E407F6-BEC1-402E-8173-3FD298EF7A28', 1, '2017-06-30 05:10:16', '2017-06-30 05:10:16'),
('5955dd3e86d52', 'PEANUT SPICY', '96E407F6-BEC1-402E-8173-3FD298EF7A28', 1, '2017-06-30 05:10:22', '2017-06-30 05:10:22'),
('5955dd45533c0', 'PEANUT WITH SALT', '96E407F6-BEC1-402E-8173-3FD298EF7A28', 1, '2017-06-30 05:10:29', '2017-06-30 05:10:29'),
('5955dd4cd48ae', 'PEAR', '96E407F6-BEC1-402E-8173-3FD298EF7A28', 1, '2017-06-30 05:10:36', '2017-06-30 05:10:36'),
('5955dd52ba7fd', 'PEREGIL ITALIANO ', '96E407F6-BEC1-402E-8173-3FD298EF7A28', 1, '2017-06-30 05:10:42', '2017-06-30 05:10:42'),
('5955dd5b48296', 'PICKLE ', '96E407F6-BEC1-402E-8173-3FD298EF7A28', 1, '2017-06-30 05:10:51', '2017-06-30 05:10:51'),
('5955dd65d2e9c', 'PINEAPPLE 7CT', '96E407F6-BEC1-402E-8173-3FD298EF7A28', 1, '2017-06-30 05:11:01', '2017-06-30 05:11:01'),
('5955dd79c96b9', 'PINEAPPLE 6CT', '96E407F6-BEC1-402E-8173-3FD298EF7A28', 1, '2017-06-30 05:11:21', '2017-06-30 05:11:21'),
('5955dd7f4f386', 'PIPIAN 25LB', '96E407F6-BEC1-402E-8173-3FD298EF7A28', 1, '2017-06-30 05:11:27', '2017-06-30 05:11:27'),
('5955dd8f692f8', 'PIPIAN 40LB', '96E407F6-BEC1-402E-8173-3FD298EF7A28', 1, '2017-06-30 05:11:43', '2017-06-30 05:11:43'),
('5955dd9699a20', 'PIPITZA 30CT', '96E407F6-BEC1-402E-8173-3FD298EF7A28', 1, '2017-06-30 05:11:50', '2017-06-30 05:11:50'),
('5955dd9c2fd27', 'PITAYA ', '96E407F6-BEC1-402E-8173-3FD298EF7A28', 1, '2017-06-30 05:11:56', '2017-06-30 05:11:56'),
('5955dda168e21', 'PLANTAIN ', '96E407F6-BEC1-402E-8173-3FD298EF7A28', 1, '2017-06-30 05:12:01', '2017-06-30 05:12:01'),
('5955dda951844', 'POBLANO PEPPER 20LB', '96E407F6-BEC1-402E-8173-3FD298EF7A28', 1, '2017-06-30 05:12:09', '2017-06-30 05:12:09'),
('5955ddb3a6bdf', 'POMEGRANATE', '96E407F6-BEC1-402E-8173-3FD298EF7A28', 1, '2017-06-30 05:12:19', '2017-06-30 05:12:19'),
('5955ddb93f0f5', 'PUYA DRY PEPPER 25LB', '96E407F6-BEC1-402E-8173-3FD298EF7A28', 1, '2017-06-30 05:12:25', '2017-06-30 05:12:25'),
('5955ddc046cdc', 'QUENEPA', '96E407F6-BEC1-402E-8173-3FD298EF7A28', 1, '2017-06-30 05:12:32', '2017-06-30 05:12:32'),
('5955ddcbe1079', 'QUESO OAXACA', '96E407F6-BEC1-402E-8173-3FD298EF7A28', 1, '2017-06-30 05:12:43', '2017-06-30 05:12:43'),
('5955ddd43546e', 'RADISH 1LB', '96E407F6-BEC1-402E-8173-3FD298EF7A28', 1, '2017-06-30 05:12:52', '2017-06-30 05:12:52'),
('5955ddd9a1ad8', 'RADISH BOUNCH 20CT', '96E407F6-BEC1-402E-8173-3FD298EF7A28', 1, '2017-06-30 05:12:57', '2017-06-30 05:12:57'),
('5955dddf7cfc6', 'RADISH BULK 40LB', '96E407F6-BEC1-402E-8173-3FD298EF7A28', 1, '2017-06-30 05:13:03', '2017-06-30 05:13:03'),
('5955dde635b40', 'RAMBUTAN', '96E407F6-BEC1-402E-8173-3FD298EF7A28', 1, '2017-06-30 05:13:10', '2017-06-30 05:13:10'),
('5955ddeba9645', 'RED APPLE', '96E407F6-BEC1-402E-8173-3FD298EF7A28', 1, '2017-06-30 05:13:15', '2017-06-30 05:13:15'),
('5955ddf254cae', 'RED BELL PEPPER ', '96E407F6-BEC1-402E-8173-3FD298EF7A28', 1, '2017-06-30 05:13:22', '2017-06-30 05:13:22'),
('5955ddfd4fed4', 'RED CACTUS PEAR 40LB', '96E407F6-BEC1-402E-8173-3FD298EF7A28', 1, '2017-06-30 05:13:33', '2017-06-30 05:13:33'),
('5955de031c52c', 'RED GRAPE', '96E407F6-BEC1-402E-8173-3FD298EF7A28', 1, '2017-06-30 05:13:39', '2017-06-30 05:13:39'),
('5955de0858e95', 'RED HABANERO 8LB', '96E407F6-BEC1-402E-8173-3FD298EF7A28', 1, '2017-06-30 05:13:44', '2017-06-30 05:13:44'),
('5955de0e4187d', 'RED JALAPENO 35LB', '96E407F6-BEC1-402E-8173-3FD298EF7A28', 1, '2017-06-30 05:13:50', '2017-06-30 05:13:50'),
('5955de0f3363a', 'RED JALAPENO 35LB', '96E407F6-BEC1-402E-8173-3FD298EF7A28', 1, '2017-06-30 05:13:51', '2017-06-30 05:13:51'),
('5955de1525367', 'RED ONION 10 LBS ', '96E407F6-BEC1-402E-8173-3FD298EF7A28', 1, '2017-06-30 05:13:57', '2017-06-30 05:13:57'),
('5955de1aa690e', 'RED ONION 2 LBS', '96E407F6-BEC1-402E-8173-3FD298EF7A28', 1, '2017-06-30 05:14:02', '2017-06-30 05:14:02'),
('5955de201c034', 'RED ONION 25LBS', '96E407F6-BEC1-402E-8173-3FD298EF7A28', 1, '2017-06-30 05:14:08', '2017-06-30 05:14:08'),
('5955de29958a4', 'RED PLUM', '96E407F6-BEC1-402E-8173-3FD298EF7A28', 1, '2017-06-30 05:14:17', '2017-06-30 05:14:17'),
('5955de2f43251', 'RED POTATO', '96E407F6-BEC1-402E-8173-3FD298EF7A28', 1, '2017-06-30 05:14:23', '2017-06-30 05:14:23'),
('5955de3531f0c', 'RED POTATO 5 LBS', '96E407F6-BEC1-402E-8173-3FD298EF7A28', 1, '2017-06-30 05:14:29', '2017-06-30 05:14:29'),
('5955de3ac7cc0', 'RUDA 18CT ', '96E407F6-BEC1-402E-8173-3FD298EF7A28', 1, '2017-06-30 05:14:34', '2017-06-30 05:14:34'),
('5955de465a3e2', 'SEMILLA MOLIDA ', '96E407F6-BEC1-402E-8173-3FD298EF7A28', 1, '2017-06-30 05:14:46', '2017-06-30 05:14:46'),
('5955de4c39f5f', 'SERRANO 35LB ', '96E407F6-BEC1-402E-8173-3FD298EF7A28', 1, '2017-06-30 05:14:52', '2017-06-30 05:14:52'),
('5955de7730f59', 'SPINACH BAG ', '96E407F6-BEC1-402E-8173-3FD298EF7A28', 1, '2017-06-30 05:15:35', '2017-06-30 05:15:35'),
('5955de7cbcffb', 'SPINACH BOUNCH', '96E407F6-BEC1-402E-8173-3FD298EF7A28', 1, '2017-06-30 05:15:40', '2017-06-30 05:15:40'),
('5955de82ad584', 'SPINE SQUASH 40LB ', '96E407F6-BEC1-402E-8173-3FD298EF7A28', 1, '2017-06-30 05:15:46', '2017-06-30 05:15:46'),
('5955de8878a47', 'STRAWBERRIES', '96E407F6-BEC1-402E-8173-3FD298EF7A28', 1, '2017-06-30 05:15:52', '2017-06-30 05:15:52'),
('5955de8e29af6', 'SUGAR CANE', '96E407F6-BEC1-402E-8173-3FD298EF7A28', 1, '2017-06-30 05:15:58', '2017-06-30 05:15:58'),
('5955de940b349', 'TAMALE LEAF 24LB ', '96E407F6-BEC1-402E-8173-3FD298EF7A28', 1, '2017-06-30 05:16:04', '2017-06-30 05:16:04'),
('5955de9ca1a30', 'TAMARINDO 38LB', '96E407F6-BEC1-402E-8173-3FD298EF7A28', 1, '2017-06-30 05:16:12', '2017-06-30 05:16:12'),
('5955dea350005', 'TAMPICO 4CT', '96E407F6-BEC1-402E-8173-3FD298EF7A28', 1, '2017-06-30 05:16:19', '2017-06-30 05:16:19'),
('5955dea8becf8', 'TANGERINE', '96E407F6-BEC1-402E-8173-3FD298EF7A28', 1, '2017-06-30 05:16:24', '2017-06-30 05:16:24'),
('5955deae7bdee', 'TATUME', '96E407F6-BEC1-402E-8173-3FD298EF7A28', 1, '2017-06-30 05:16:30', '2017-06-30 05:16:30'),
('5955deb4be276', 'THAI GUAVA', '96E407F6-BEC1-402E-8173-3FD298EF7A28', 1, '2017-06-30 05:16:36', '2017-06-30 05:16:36'),
('5955deba31215', 'TOMATILLO 38LB ', '96E407F6-BEC1-402E-8173-3FD298EF7A28', 1, '2017-06-30 05:16:42', '2017-06-30 05:16:42'),
('5955dec1514f1', 'TOMATILLO MILPERO 40LB ', '96E407F6-BEC1-402E-8173-3FD298EF7A28', 1, '2017-06-30 05:16:49', '2017-06-30 05:16:49'),
('5955dec93ff90', 'TOMATO 5X6 ', '96E407F6-BEC1-402E-8173-3FD298EF7A28', 1, '2017-06-30 05:16:57', '2017-06-30 05:16:57'),
('5955decf0f345', 'TOMATO PLUM 25LB', '96E407F6-BEC1-402E-8173-3FD298EF7A28', 1, '2017-06-30 05:17:03', '2017-06-30 05:17:03'),
('5955ded872a93', 'TOMATO SALSA ', '96E407F6-BEC1-402E-8173-3FD298EF7A28', 1, '2017-06-30 05:17:12', '2017-06-30 05:17:12'),
('5955dee5f313d', 'TORTILLA  ESCONDIDA', '96E407F6-BEC1-402E-8173-3FD298EF7A28', 1, '2017-06-30 05:17:25', '2017-06-30 05:17:25'),
('5955deeb564b6', 'TORTILLA  ESCONDIDA BLUE', '96E407F6-BEC1-402E-8173-3FD298EF7A28', 1, '2017-06-30 05:17:31', '2017-06-30 05:17:31'),
('5955def136889', 'TORTILLA  ESCONDIDA FAMILIAR', '96E407F6-BEC1-402E-8173-3FD298EF7A28', 1, '2017-06-30 05:17:37', '2017-06-30 05:17:37'),
('5955def70f934', 'TORTILLA  ESCONDIDA TAQUERA', '96E407F6-BEC1-402E-8173-3FD298EF7A28', 1, '2017-06-30 05:17:43', '2017-06-30 05:17:43'),
('5955defe33dce', 'TORTILLA  MILAGRO ', '96E407F6-BEC1-402E-8173-3FD298EF7A28', 1, '2017-06-30 05:17:50', '2017-06-30 05:17:50'),
('5955df0454591', 'TORTILLA 10CT', '96E407F6-BEC1-402E-8173-3FD298EF7A28', 1, '2017-06-30 05:17:56', '2017-06-30 05:17:56'),
('5955df0ce0757', 'TORTILLA 12CT', '96E407F6-BEC1-402E-8173-3FD298EF7A28', 1, '2017-06-30 05:18:04', '2017-06-30 05:18:04'),
('5955df2516d02', 'TORTILLA 6CT', '96E407F6-BEC1-402E-8173-3FD298EF7A28', 1, '2017-06-30 05:18:29', '2017-06-30 05:18:29'),
('5955df2a824fa', 'TORTILLA 8CT', '96E407F6-BEC1-402E-8173-3FD298EF7A28', 1, '2017-06-30 05:18:34', '2017-06-30 05:18:34'),
('5955df3015342', 'TOSTADA CHARRA', '96E407F6-BEC1-402E-8173-3FD298EF7A28', 1, '2017-06-30 05:18:40', '2017-06-30 05:18:40'),
('5955df359c3d2', 'TOSTADA MILAGRO', '96E407F6-BEC1-402E-8173-3FD298EF7A28', 1, '2017-06-30 05:18:45', '2017-06-30 05:18:45'),
('5955df3b2d37f', 'VERDOLAGA 20CT ', '96E407F6-BEC1-402E-8173-3FD298EF7A28', 1, '2017-06-30 05:18:51', '2017-06-30 05:18:51'),
('5955df440e128', 'WATERCRESS', '96E407F6-BEC1-402E-8173-3FD298EF7A28', 1, '2017-06-30 05:19:00', '2017-06-30 05:19:00'),
('5955df4fc5f69', 'WATERMELON 28CT ', '96E407F6-BEC1-402E-8173-3FD298EF7A28', 1, '2017-06-30 05:19:11', '2017-06-30 05:19:11'),
('5955df56af9e2', 'WATERMELON 28CT BIN', '96E407F6-BEC1-402E-8173-3FD298EF7A28', 1, '2017-06-30 05:19:18', '2017-06-30 05:19:18'),
('5955df602e349', 'WATERMELON 36CT', '96E407F6-BEC1-402E-8173-3FD298EF7A28', 1, '2017-06-30 05:19:28', '2017-06-30 05:19:28'),
('5955df65b13a3', 'WATERMELON 36CT BIN', '96E407F6-BEC1-402E-8173-3FD298EF7A28', 1, '2017-06-30 05:19:33', '2017-06-30 05:19:33'),
('5955df6be5796', 'WHITE COCONUT ', '96E407F6-BEC1-402E-8173-3FD298EF7A28', 1, '2017-06-30 05:19:39', '2017-06-30 05:19:39'),
('5955df71b2295', 'WHITE CORN', '96E407F6-BEC1-402E-8173-3FD298EF7A28', 1, '2017-06-30 05:19:45', '2017-06-30 05:19:45'),
('5955df79a8be4', 'WHITE MALANGA', '96E407F6-BEC1-402E-8173-3FD298EF7A28', 1, '2017-06-30 05:19:53', '2017-06-30 05:19:53'),
('5955df7f301ae', 'WHITE ONION 50LB', '96E407F6-BEC1-402E-8173-3FD298EF7A28', 1, '2017-06-30 05:19:59', '2017-06-30 05:19:59'),
('5955df84f3350', 'WHITE POTATO', '96E407F6-BEC1-402E-8173-3FD298EF7A28', 1, '2017-06-30 05:20:04', '2017-06-30 05:20:04'),
('5955df8bdc08a', 'WHITE TORTILLA ', '96E407F6-BEC1-402E-8173-3FD298EF7A28', 1, '2017-06-30 05:20:11', '2017-06-30 05:20:11'),
('5955df92130b5', 'XOCONOSTLE 40LB', '96E407F6-BEC1-402E-8173-3FD298EF7A28', 1, '2017-06-30 05:20:18', '2017-06-30 05:20:18'),
('5955df9a26ac8', 'YAM', '96E407F6-BEC1-402E-8173-3FD298EF7A28', 1, '2017-06-30 05:20:26', '2017-06-30 05:20:26'),
('5955dfa40ab5e', 'YELLOW APPLE ', '96E407F6-BEC1-402E-8173-3FD298EF7A28', 1, '2017-06-30 05:20:36', '2017-06-30 05:20:36'),
('5955dfa9ecc61', 'YELLOW BELL PEPPER ', '96E407F6-BEC1-402E-8173-3FD298EF7A28', 1, '2017-06-30 05:20:41', '2017-06-30 05:20:41'),
('5955dfb4538e0', 'YELLOW CORN', '96E407F6-BEC1-402E-8173-3FD298EF7A28', 1, '2017-06-30 05:20:52', '2017-06-30 05:20:52'),
('5955dfbdb0d60', 'YELLOW ONION', '96E407F6-BEC1-402E-8173-3FD298EF7A28', 1, '2017-06-30 05:21:01', '2017-06-30 05:21:01'),
('5955dfd7eea2c', 'YELLOW ONION 10LBS', '96E407F6-BEC1-402E-8173-3FD298EF7A28', 1, '2017-06-30 05:21:27', '2017-06-30 05:21:27'),
('5955dfde563b3', 'YELLOW ONION 3 LBS', '96E407F6-BEC1-402E-8173-3FD298EF7A28', 1, '2017-06-30 05:21:34', '2017-06-30 05:21:34'),
('5955dfe4c8835', 'YELLOW SQUASH', '96E407F6-BEC1-402E-8173-3FD298EF7A28', 1, '2017-06-30 05:21:40', '2017-06-30 05:21:40'),
('5955dfeb2d779', 'ZUCCHINI', '96E407F6-BEC1-402E-8173-3FD298EF7A28', 1, '2017-06-30 05:21:47', '2017-06-30 05:21:47'),
('59631c1ed71aa', 'test', '96E407F6-BEC1-402E-8173-3FD298EF7A28', 1, '2017-07-10 06:18:06', '2017-07-10 06:18:06'),
('59631d44bee7c', 'test', '96E407F6-BEC1-402E-8173-3FD298EF7A28', 1, '2017-07-10 06:23:00', '2017-07-10 06:23:00'),
('59631e4705863', 'TEST', '96E407F6-BEC1-402E-8173-3FD298EF7A28', 1, '2017-07-10 06:27:19', '2017-07-10 06:27:19'),
('59631ed2c6b3f', 'test', '96E407F6-BEC1-402E-8173-3FD298EF7A28', 1, '2017-07-10 06:29:38', '2017-07-10 06:29:38'),
('59631f7c643e9', 'test', '96E407F6-BEC1-402E-8173-3FD298EF7A28', 1, '2017-07-10 06:32:28', '2017-07-10 06:32:28'),
('5966d9ba765a1', 'yuca', '595969f88a3b1', 1, '2017-07-13 02:23:54', '2017-07-13 02:23:54'),
('5967ae6dc63f2', 'YUCA', '595969f88a3b1', 1, '2017-07-13 17:31:25', '2017-07-13 17:31:25'),
('596b2621608e0', 'SADAD', '96E407F6-BEC1-402E-8173-3FD298EF7A28', 1, '2017-07-16 08:38:57', '2017-07-16 08:38:57'),
('596b27bedf8dd', 'FSFADA', '96E407F6-BEC1-402E-8173-3FD298EF7A28', 1, '2017-07-16 08:45:50', '2017-07-16 08:45:50'),
('596b28190eedf', 'GSDS', '96E407F6-BEC1-402E-8173-3FD298EF7A28', 1, '2017-07-16 08:47:21', '2017-07-16 08:47:21'),
('596b296f5e710', 'SGGFD', '96E407F6-BEC1-402E-8173-3FD298EF7A28', 1, '2017-07-16 08:53:03', '2017-07-16 08:53:03'),
('596b298a5b571', 'GDGD', '96E407F6-BEC1-402E-8173-3FD298EF7A28', 1, '2017-07-16 08:53:30', '2017-07-16 08:53:30'),
('596b29bc91294', 'FSF', '96E407F6-BEC1-402E-8173-3FD298EF7A28', 1, '2017-07-16 08:54:20', '2017-07-16 08:54:20'),
('596b29f4c8670', 'GDGD', '96E407F6-BEC1-402E-8173-3FD298EF7A28', 1, '2017-07-16 08:55:16', '2017-07-16 08:55:16'),
('596b2a7a1d162', 'FDFS', '96E407F6-BEC1-402E-8173-3FD298EF7A28', 1, '2017-07-16 08:57:30', '2017-07-16 08:57:30'),
('596b2ac289abc', 'GDGSD', '96E407F6-BEC1-402E-8173-3FD298EF7A28', 1, '2017-07-16 08:58:42', '2017-07-16 08:58:42'),
('596b2b089237a', 'DFSD', '96E407F6-BEC1-402E-8173-3FD298EF7A28', 1, '2017-07-16 08:59:52', '2017-07-16 08:59:52'),
('596b2d70b973b', 'FADF', '96E407F6-BEC1-402E-8173-3FD298EF7A28', 1, '2017-07-16 09:10:08', '2017-07-16 09:10:08'),
('596b2db7d0a21', 'SGSGFS', '96E407F6-BEC1-402E-8173-3FD298EF7A28', 1, '2017-07-16 09:11:19', '2017-07-16 09:11:19'),
('596b2e96a09d7', 'DFDF', '96E407F6-BEC1-402E-8173-3FD298EF7A28', 1, '2017-07-16 09:15:02', '2017-07-16 09:15:02'),
('596b30732d7a2', 'FSFF', '96E407F6-BEC1-402E-8173-3FD298EF7A28', 1, '2017-07-16 09:22:59', '2017-07-16 09:22:59'),
('596b310e09dbd', 'DFSDFF', '96E407F6-BEC1-402E-8173-3FD298EF7A28', 1, '2017-07-16 09:25:34', '2017-07-16 09:25:34'),
('596b31784b00a', 'FSFASD', '96E407F6-BEC1-402E-8173-3FD298EF7A28', 1, '2017-07-16 09:27:20', '2017-07-16 09:27:20'),
('596b3255e1bbd', 'DFSDFSD', '96E407F6-BEC1-402E-8173-3FD298EF7A28', 1, '2017-07-16 09:31:01', '2017-07-16 09:31:01'),
('596b327ad7843', 'FSF', '96E407F6-BEC1-402E-8173-3FD298EF7A28', 1, '2017-07-16 09:31:38', '2017-07-16 09:31:38'),
('596b328a97f24', 'FSDF', '96E407F6-BEC1-402E-8173-3FD298EF7A28', 1, '2017-07-16 09:31:54', '2017-07-16 09:31:54'),
('596b350dab59b', 'VZV', '96E407F6-BEC1-402E-8173-3FD298EF7A28', 1, '2017-07-16 09:42:37', '2017-07-16 09:42:37'),
('596b35bc4d03f', 'FDSF', '96E407F6-BEC1-402E-8173-3FD298EF7A28', 1, '2017-07-16 09:45:32', '2017-07-16 09:45:32'),
('596b36ae33098', 'FADFA', '96E407F6-BEC1-402E-8173-3FD298EF7A28', 1, '2017-07-16 09:49:34', '2017-07-16 09:49:34'),
('596b3732c4adc', 'GADF', '96E407F6-BEC1-402E-8173-3FD298EF7A28', 1, '2017-07-16 09:51:46', '2017-07-16 09:51:46'),
('596b377de40b7', 'FDSDFSDF', '96E407F6-BEC1-402E-8173-3FD298EF7A28', 1, '2017-07-16 09:53:01', '2017-07-16 09:53:01'),
('596b3850da67b', 'DADA', '96E407F6-BEC1-402E-8173-3FD298EF7A28', 1, '2017-07-16 09:56:32', '2017-07-16 09:56:32'),
('596b392ed34fb', 'BBGG', '96E407F6-BEC1-402E-8173-3FD298EF7A28', 1, '2017-07-16 10:00:14', '2017-07-16 10:00:14'),
('596b39e640c54', 'SFEWW', '96E407F6-BEC1-402E-8173-3FD298EF7A28', 1, '2017-07-16 10:03:18', '2017-07-16 10:03:18'),
('596b3acd46d3c', 'FADFAFADF', '96E407F6-BEC1-402E-8173-3FD298EF7A28', 1, '2017-07-16 10:07:09', '2017-07-16 10:07:09');

-- --------------------------------------------------------

--
-- Estructura de tabla para la tabla `rolls`
--

CREATE TABLE IF NOT EXISTS `rolls` (
  `rollGUID` varchar(64) NOT NULL,
  `rollDescription` varchar(64) NOT NULL
) ENGINE=MyISAM DEFAULT CHARSET=latin1;

-- --------------------------------------------------------

--
-- Estructura de tabla para la tabla `status`
--

CREATE TABLE IF NOT EXISTS `status` (
  `statusID` varchar(64) NOT NULL,
  `status` varchar(64) NOT NULL
) ENGINE=MyISAM DEFAULT CHARSET=latin1;

-- --------------------------------------------------------

--
-- Estructura de tabla para la tabla `users`
--

CREATE TABLE IF NOT EXISTS `users` (
  `UserGUID` varchar(64) NOT NULL,
  `user_id` int(11) NOT NULL AUTO_INCREMENT,
  `username` varchar(100) NOT NULL,
  `password` varchar(100) NOT NULL,
  `FullName` varchar(100) NOT NULL,
  `IsActive` tinyint(1) NOT NULL,
  `privilege` varchar(32) NOT NULL,
  `RecordCreated` datetime NOT NULL DEFAULT CURRENT_TIMESTAMP,
  `RecordLastModified` datetime NOT NULL DEFAULT CURRENT_TIMESTAMP,
  `email` varchar(1024) NOT NULL,
  `email_code` varchar(32) NOT NULL,
  PRIMARY KEY (`user_id`)
) ENGINE=InnoDB  DEFAULT CHARSET=latin1 AUTO_INCREMENT=11 ;

--
-- Volcado de datos para la tabla `users`
--

INSERT INTO `users` (`UserGUID`, `user_id`, `username`, `password`, `FullName`, `IsActive`, `privilege`, `RecordCreated`, `RecordLastModified`, `email`, `email_code`) VALUES
('96E407F6-BEC1-402E-8173-3FD298EF7A28', 1, 'ireyes', '1234', 'Idalia Reyes', 1, 'admin', '2017-04-29 00:58:52', '2017-04-29 00:58:52', '', ''),
('9D137570-49D9-44E3-BFF4-F44E725F659A', 2, 'alicoa', '1234', 'Alain Licona', 1, 'admin', '2017-04-29 00:57:26', '2017-04-29 00:57:26', '', ''),
('E0BCFD7B-9DF2-4D41-8DBE-1799366CF1C1', 3, 'mchavez', '1234', 'Manuel Chavez', 1, 'admin', '2017-04-29 00:58:52', '2017-04-29 00:58:52', '', ''),
('823857a4-d50a-443e-a765-00d3d117abfc\r\n', 4, 'idaly', '123456', 'Idalia Reyes', 1, 'admin', '2017-05-10 22:49:22', '2017-05-10 22:49:22', 'idaly.reyes@gmail.com', ''),
('59596a2cedf89', 6, 'Liliana', '123456', 'Liliana', 1, 'Manager', '2017-07-02 17:11:48', '2017-07-02 17:11:48', 'liliana@gmail.com', '0.449705'),
('595969f88a3b1', 7, 'Araceli', '123456', 'Araceli Ortiz', 1, 'Manager', '2017-07-02 17:47:36', '2017-07-02 17:47:36', 'araceli@gmail.com', '0.566213'),
('59596ba2e0042', 8, 'Marly', '123456', 'Marly', 1, 'DataEntry', '2017-07-02 17:54:42', '2017-07-02 17:54:42', 'marly@gmail.com', '0.917636'),
('59596bf164235', 9, 'Gildo', '123456', 'Gildo', 1, 'DataEntry', '2017-07-02 17:56:01', '2017-07-02 17:56:01', 'gildo@gmail.com', '0.410193'),
('59596c6bdebbd', 10, 'Sandra', '123456', 'Sandra', 1, 'DataEntry', '2017-07-02 17:58:03', '2017-07-02 17:58:03', 'Sandra@gmail.com', '0.912342');

/*!40101 SET CHARACTER_SET_CLIENT=@OLD_CHARACTER_SET_CLIENT */;
/*!40101 SET CHARACTER_SET_RESULTS=@OLD_CHARACTER_SET_RESULTS */;
/*!40101 SET COLLATION_CONNECTION=@OLD_COLLATION_CONNECTION */;
